Entity,Code,Year,Per capita nitrous oxide emissions from agriculture
Afghanistan,AFG,1990,200.072
Afghanistan,AFG,1991,202.63293
Afghanistan,AFG,1992,182.99594
Afghanistan,AFG,1993,164.62366
Afghanistan,AFG,1994,142.14685
Afghanistan,AFG,1995,140.63184
Afghanistan,AFG,1996,146.93243
Afghanistan,AFG,1997,156.0798
Afghanistan,AFG,1998,163.88313
Afghanistan,AFG,1999,169.9535
Afghanistan,AFG,2000,144.55797
Afghanistan,AFG,2001,125.21998
Afghanistan,AFG,2002,138.92708
Afghanistan,AFG,2003,135.48553
Afghanistan,AFG,2004,129.4531
Afghanistan,AFG,2005,130.30344
Afghanistan,AFG,2006,119.17826
Afghanistan,AFG,2007,114.242256
Afghanistan,AFG,2008,120.833916
Afghanistan,AFG,2009,125.24529
Afghanistan,AFG,2010,134.35115
Afghanistan,AFG,2011,132.54869
Afghanistan,AFG,2012,128.27211
Afghanistan,AFG,2013,125.22646
Afghanistan,AFG,2014,128.9928
Afghanistan,AFG,2015,123.8481
Afghanistan,AFG,2016,120.17079
Afghanistan,AFG,2017,122.1667
Afghanistan,AFG,2018,114.57952
Afghanistan,AFG,2019,104.87074
Afghanistan,AFG,2020,100.591324
Afghanistan,AFG,2021,94.49903
Afghanistan,AFG,2022,92.41268
Africa,,1990,355.4967
Africa,,1991,350.15683
Africa,,1992,344.36258
Africa,,1993,337.24185
Africa,,1994,331.9232
Africa,,1995,328.58127
Africa,,1996,329.17984
Africa,,1997,322.61804
Africa,,1998,334.46344
Africa,,1999,324.0051
Africa,,2000,321.2684
Africa,,2001,304.97
Africa,,2002,314.96042
Africa,,2003,318.1523
Africa,,2004,313.35083
Africa,,2005,320.73746
Africa,,2006,306.82602
Africa,,2007,311.47443
Africa,,2008,311.10965
Africa,,2009,299.19284
Africa,,2010,305.56323
Africa,,2011,305.18597
Africa,,2012,298.28754
Africa,,2013,292.6093
Africa,,2014,284.8
Africa,,2015,282.98242
Africa,,2016,285.18823
Africa,,2017,279.71732
Africa,,2018,274.6444
Africa,,2019,270.0656
Africa,,2020,277.3639
Africa,,2021,272.46622
Africa,,2022,266.76642
Albania,ALB,1990,369.13147
Albania,ALB,1991,274.17224
Albania,ALB,1992,261.99496
Albania,ALB,1993,280.6734
Albania,ALB,1994,345.62738
Albania,ALB,1995,346.77756
Albania,ALB,1996,308.10184
Albania,ALB,1997,291.05185
Albania,ALB,1998,302.1681
Albania,ALB,1999,288.52808
Albania,ALB,2000,306.3661
Albania,ALB,2001,298.6077
Albania,ALB,2002,338.21564
Albania,ALB,2003,346.36557
Albania,ALB,2004,335.62872
Albania,ALB,2005,338.08426
Albania,ALB,2006,324.50452
Albania,ALB,2007,324.1934
Albania,ALB,2008,307.39078
Albania,ALB,2009,310.65475
Albania,ALB,2010,310.71478
Albania,ALB,2011,322.85776
Albania,ALB,2012,323.0237
Albania,ALB,2013,316.4153
Albania,ALB,2014,320.27573
Albania,ALB,2015,334.64038
Albania,ALB,2016,341.63046
Albania,ALB,2017,331.23492
Albania,ALB,2018,297.14304
Albania,ALB,2019,308.49103
Albania,ALB,2020,278.5564
Albania,ALB,2021,207.04361
Albania,ALB,2022,226.33923
Algeria,DZA,1990,122.95171
Algeria,DZA,1991,117.362144
Algeria,DZA,1992,119.045074
Algeria,DZA,1993,118.4146
Algeria,DZA,1994,108.651695
Algeria,DZA,1995,103.61714
Algeria,DZA,1996,104.36384
Algeria,DZA,1997,98.04154
Algeria,DZA,1998,112.46373
Algeria,DZA,1999,108.28775
Algeria,DZA,2000,103.87041
Algeria,DZA,2001,106.60291
Algeria,DZA,2002,99.839905
Algeria,DZA,2003,104.73705
Algeria,DZA,2004,121.06061
Algeria,DZA,2005,102.08625
Algeria,DZA,2006,110.33948
Algeria,DZA,2007,108.5131
Algeria,DZA,2008,98.802414
Algeria,DZA,2009,111.29757
Algeria,DZA,2010,115.50714
Algeria,DZA,2011,115.43661
Algeria,DZA,2012,122.721664
Algeria,DZA,2013,121.30938
Algeria,DZA,2014,123.96368
Algeria,DZA,2015,122.6901
Algeria,DZA,2016,118.48017
Algeria,DZA,2017,115.37732
Algeria,DZA,2018,115.280464
Algeria,DZA,2019,113.87114
Algeria,DZA,2020,112.39247
Algeria,DZA,2021,108.57642
Algeria,DZA,2022,110.38452
Andorra,AND,1990,0
Andorra,AND,1991,0
Andorra,AND,1992,0
Andorra,AND,1993,0
Andorra,AND,1994,0
Andorra,AND,1995,0
Andorra,AND,1996,0
Andorra,AND,1997,0
Andorra,AND,1998,0
Andorra,AND,1999,0
Andorra,AND,2000,0
Andorra,AND,2001,0
Andorra,AND,2002,0
Andorra,AND,2003,0
Andorra,AND,2004,0
Andorra,AND,2005,0
Andorra,AND,2006,0
Andorra,AND,2007,0
Andorra,AND,2008,0
Andorra,AND,2009,0
Andorra,AND,2010,0
Andorra,AND,2011,0
Andorra,AND,2012,0
Andorra,AND,2013,0
Andorra,AND,2014,0
Andorra,AND,2015,0
Andorra,AND,2016,0
Andorra,AND,2017,0
Andorra,AND,2018,0
Andorra,AND,2019,0
Andorra,AND,2020,0
Andorra,AND,2021,0
Andorra,AND,2022,0
Angola,AGO,1990,1147.3926
Angola,AGO,1991,1111.9861
Angola,AGO,1992,1078.5822
Angola,AGO,1993,1040.7623
Angola,AGO,1994,1004.5463
Angola,AGO,1995,970.81854
Angola,AGO,1996,846.0957
Angola,AGO,1997,802.84204
Angola,AGO,1998,859.53394
Angola,AGO,1999,767.20624
Angola,AGO,2000,764.43945
Angola,AGO,2001,772.66626
Angola,AGO,2002,806.8006
Angola,AGO,2003,892.23425
Angola,AGO,2004,855.8944
Angola,AGO,2005,814.88104
Angola,AGO,2006,720.94916
Angola,AGO,2007,744.9983
Angola,AGO,2008,673.3505
Angola,AGO,2009,644.66406
Angola,AGO,2010,652.07623
Angola,AGO,2011,649.09436
Angola,AGO,2012,589.41754
Angola,AGO,2013,588.94086
Angola,AGO,2014,547.1127
Angola,AGO,2015,549.7588
Angola,AGO,2016,535.5845
Angola,AGO,2017,521.25305
Angola,AGO,2018,447.64447
Angola,AGO,2019,486.78586
Angola,AGO,2020,448.71417
Angola,AGO,2021,438.71808
Angola,AGO,2022,424.86288
Antigua and Barbuda,ATG,1990,158.51126
Antigua and Barbuda,ATG,1991,157.71378
Antigua and Barbuda,ATG,1992,155.22647
Antigua and Barbuda,ATG,1993,152.43669
Antigua and Barbuda,ATG,1994,149.56625
Antigua and Barbuda,ATG,1995,146.60606
Antigua and Barbuda,ATG,1996,143.61832
Antigua and Barbuda,ATG,1997,140.70436
Antigua and Barbuda,ATG,1998,138.06433
Antigua and Barbuda,ATG,1999,135.7202
Antigua and Barbuda,ATG,2000,133.45967
Antigua and Barbuda,ATG,2001,131.43713
Antigua and Barbuda,ATG,2002,129.78754
Antigua and Barbuda,ATG,2003,128.3763
Antigua and Barbuda,ATG,2004,127.009926
Antigua and Barbuda,ATG,2005,125.58396
Antigua and Barbuda,ATG,2006,124.04024
Antigua and Barbuda,ATG,2007,122.37505
Antigua and Barbuda,ATG,2008,120.58944
Antigua and Barbuda,ATG,2009,118.77472
Antigua and Barbuda,ATG,2010,117.182465
Antigua and Barbuda,ATG,2011,115.807755
Antigua and Barbuda,ATG,2012,114.580345
Antigua and Barbuda,ATG,2013,113.540886
Antigua and Barbuda,ATG,2014,112.632904
Antigua and Barbuda,ATG,2015,111.83055
Antigua and Barbuda,ATG,2016,111.1358
Antigua and Barbuda,ATG,2017,110.518
Antigua and Barbuda,ATG,2018,109.96019
Antigua and Barbuda,ATG,2019,109.43673
Antigua and Barbuda,ATG,2020,108.85657
Antigua and Barbuda,ATG,2021,108.27432
Antigua and Barbuda,ATG,2022,107.70059
Argentina,ARG,1990,910.6754
Argentina,ARG,1991,892.5591
Argentina,ARG,1992,897.7984
Argentina,ARG,1993,871.6729
Argentina,ARG,1994,884.62616
Argentina,ARG,1995,872.8254
Argentina,ARG,1996,868.6765
Argentina,ARG,1997,865.4218
Argentina,ARG,1998,845.6854
Argentina,ARG,1999,841.4258
Argentina,ARG,2000,882.19525
Argentina,ARG,2001,862.19684
Argentina,ARG,2002,871.1694
Argentina,ARG,2003,953.56366
Argentina,ARG,2004,944.45795
Argentina,ARG,2005,925.114
Argentina,ARG,2006,944.42206
Argentina,ARG,2007,987.08624
Argentina,ARG,2008,945.4744
Argentina,ARG,2009,816.3049
Argentina,ARG,2010,829.5249
Argentina,ARG,2011,842.3065
Argentina,ARG,2012,822.5471
Argentina,ARG,2013,842.3657
Argentina,ARG,2014,841.8544
Argentina,ARG,2015,822.04364
Argentina,ARG,2016,874.7091
Argentina,ARG,2017,916.70825
Argentina,ARG,2018,895.9827
Argentina,ARG,2019,928.1028
Argentina,ARG,2020,952.8244
Argentina,ARG,2021,946.5425
Argentina,ARG,2022,981.1067
Armenia,ARM,1990,182.98878
Armenia,ARM,1991,168.78908
Armenia,ARM,1992,162.37993
Armenia,ARM,1993,141.89166
Armenia,ARM,1994,127.80047
Armenia,ARM,1995,130.00418
Armenia,ARM,1996,134.19797
Armenia,ARM,1997,132.45882
Armenia,ARM,1998,127.78959
Armenia,ARM,1999,126.29125
Armenia,ARM,2000,131.17355
Armenia,ARM,2001,132.92914
Armenia,ARM,2002,160.35942
Armenia,ARM,2003,157.94794
Armenia,ARM,2004,172.0405
Armenia,ARM,2005,166.31409
Armenia,ARM,2006,257.49313
Armenia,ARM,2007,211.77716
Armenia,ARM,2008,206.08136
Armenia,ARM,2009,220.67426
Armenia,ARM,2010,204.7025
Armenia,ARM,2011,215.51215
Armenia,ARM,2012,263.47043
Armenia,ARM,2013,284.0009
Armenia,ARM,2014,270.32272
Armenia,ARM,2015,301.24823
Armenia,ARM,2016,462.51947
Armenia,ARM,2017,339.62662
Armenia,ARM,2018,326.46375
Armenia,ARM,2019,196.28268
Armenia,ARM,2020,204.08917
Armenia,ARM,2021,195.0989
Armenia,ARM,2022,183.97156
Asia,,1990,175.4576
Asia,,1991,174.38304
Asia,,1992,175.08356
Asia,,1993,170.4477
Asia,,1994,172.15347
Asia,,1995,180.81529
Asia,,1996,186.08134
Asia,,1997,176.6662
Asia,,1998,177.01688
Asia,,1999,178.81976
Asia,,2000,173.1062
Asia,,2001,171.03682
Asia,,2002,173.25908
Asia,,2003,172.62695
Asia,,2004,175.88829
Asia,,2005,177.94377
Asia,,2006,180.3912
Asia,,2007,180.91637
Asia,,2008,181.26637
Asia,,2009,184.02994
Asia,,2010,184.01418
Asia,,2011,183.45984
Asia,,2012,182.64384
Asia,,2013,182.0292
Asia,,2014,181.54787
Asia,,2015,181.6943
Asia,,2016,180.68872
Asia,,2017,181.27965
Asia,,2018,177.83981
Asia,,2019,176.41853
Asia,,2020,180.03285
Asia,,2021,178.29344
Asia,,2022,176.33415
Australia,AUS,1990,3819.855
Australia,AUS,1991,3745.7087
Australia,AUS,1992,3609.2637
Australia,AUS,1993,3552.4648
Australia,AUS,1994,3557.4934
Australia,AUS,1995,3426.2964
Australia,AUS,1996,3159.7397
Australia,AUS,1997,3113.768
Australia,AUS,1998,3257.456
Australia,AUS,1999,4021.686
Australia,AUS,2000,4350.196
Australia,AUS,2001,4748.1494
Australia,AUS,2002,4367.3613
Australia,AUS,2003,2520.2517
Australia,AUS,2004,3512.8013
Australia,AUS,2005,2485.4036
Australia,AUS,2006,3263.145
Australia,AUS,2007,3013.1887
Australia,AUS,2008,2286.319
Australia,AUS,2009,2412.8894
Australia,AUS,2010,1909.5292
Australia,AUS,2011,3955.11
Australia,AUS,2012,3897.5789
Australia,AUS,2013,2223.2483
Australia,AUS,2014,2661.9373
Australia,AUS,2015,2474.5283
Australia,AUS,2016,1906.7024
Australia,AUS,2017,2666.2847
Australia,AUS,2018,2555.763
Australia,AUS,2019,1963.2916
Australia,AUS,2020,1625.2465
Australia,AUS,2021,1982.5541
Australia,AUS,2022,2021.6796
Austria,AUT,1990,377.62253
Austria,AUT,1991,368.69257
Austria,AUT,1992,351.91895
Austria,AUT,1993,336.38986
Austria,AUT,1994,335.0904
Austria,AUT,1995,327.03076
Austria,AUT,1996,326.59552
Austria,AUT,1997,329.99557
Austria,AUT,1998,322.1171
Austria,AUT,1999,315.2406
Austria,AUT,2000,309.49982
Austria,AUT,2001,304.64175
Austria,AUT,2002,308.10577
Austria,AUT,2003,275.77362
Austria,AUT,2004,282.6208
Austria,AUT,2005,277.06204
Austria,AUT,2006,275.69858
Austria,AUT,2007,272.3893
Austria,AUT,2008,300.36343
Austria,AUT,2009,262.4303
Austria,AUT,2010,265.38876
Austria,AUT,2011,287.13477
Austria,AUT,2012,264.48126
Austria,AUT,2013,271.18127
Austria,AUT,2014,273.75424
Austria,AUT,2015,278.80493
Austria,AUT,2016,275.80936
Austria,AUT,2017,265.94598
Austria,AUT,2018,259.00134
Austria,AUT,2019,249.97534
Austria,AUT,2020,260.0488
Austria,AUT,2021,252.03375
Austria,AUT,2022,243.80348
Azerbaijan,AZE,1990,300.09332
Azerbaijan,AZE,1991,280.27225
Azerbaijan,AZE,1992,248.45456
Azerbaijan,AZE,1993,217.21404
Azerbaijan,AZE,1994,199.76622
Azerbaijan,AZE,1995,195.61403
Azerbaijan,AZE,1996,185.16199
Azerbaijan,AZE,1997,194.04704
Azerbaijan,AZE,1998,195.61894
Azerbaijan,AZE,1999,201.22284
Azerbaijan,AZE,2000,200.61691
Azerbaijan,AZE,2001,218.13486
Azerbaijan,AZE,2002,228.19695
Azerbaijan,AZE,2003,233.31866
Azerbaijan,AZE,2004,243.81987
Azerbaijan,AZE,2005,245.42737
Azerbaijan,AZE,2006,254.83908
Azerbaijan,AZE,2007,252.59639
Azerbaijan,AZE,2008,267.25897
Azerbaijan,AZE,2009,267.51163
Azerbaijan,AZE,2010,260.19882
Azerbaijan,AZE,2011,264.68872
Azerbaijan,AZE,2012,269.83273
Azerbaijan,AZE,2013,268.2963
Azerbaijan,AZE,2014,272.03436
Azerbaijan,AZE,2015,304.5261
Azerbaijan,AZE,2016,296.90628
Azerbaijan,AZE,2017,284.89713
Azerbaijan,AZE,2018,308.77164
Azerbaijan,AZE,2019,280.89658
Azerbaijan,AZE,2020,283.84158
Azerbaijan,AZE,2021,256.00006
Azerbaijan,AZE,2022,239.91515
Bahamas,BHS,1990,36.237923
Bahamas,BHS,1991,35.61951
Bahamas,BHS,1992,34.972614
Bahamas,BHS,1993,34.32298
Bahamas,BHS,1994,33.72465
Bahamas,BHS,1995,66.34137
Bahamas,BHS,1996,65.299515
Bahamas,BHS,1997,64.32647
Bahamas,BHS,1998,63.416367
Bahamas,BHS,1999,62.57372
Bahamas,BHS,2000,61.757748
Bahamas,BHS,2001,61.004063
Bahamas,BHS,2002,30.154541
Bahamas,BHS,2003,29.795158
Bahamas,BHS,2004,58.859188
Bahamas,BHS,2005,58.155594
Bahamas,BHS,2006,57.407585
Bahamas,BHS,2007,56.602222
Bahamas,BHS,2008,55.845173
Bahamas,BHS,2009,55.125877
Bahamas,BHS,2010,27.212217
Bahamas,BHS,2011,53.80133
Bahamas,BHS,2012,53.266003
Bahamas,BHS,2013,52.776436
Bahamas,BHS,2014,52.313293
Bahamas,BHS,2015,51.900196
Bahamas,BHS,2016,51.53842
Bahamas,BHS,2017,76.82537
Bahamas,BHS,2018,76.39069
Bahamas,BHS,2019,50.67345
Bahamas,BHS,2020,50.521126
Bahamas,BHS,2021,50.456505
Bahamas,BHS,2022,25.154573
Bahrain,BHR,1990,19.425056
Bahrain,BHR,1991,18.801126
Bahrain,BHR,1992,18.256403
Bahrain,BHR,1993,17.76767
Bahrain,BHR,1994,17.302235
Bahrain,BHR,1995,16.856869
Bahrain,BHR,1996,16.431341
Bahrain,BHR,1997,16.025152
Bahrain,BHR,1998,31.279764
Bahrain,BHR,1999,15.275991
Bahrain,BHR,2000,14.934534
Bahrain,BHR,2001,14.2864485
Bahrain,BHR,2002,39.882744
Bahrain,BHR,2003,24.652523
Bahrain,BHR,2004,22.95036
Bahrain,BHR,2005,21.445007
Bahrain,BHR,2006,20.10806
Bahrain,BHR,2007,18.913979
Bahrain,BHR,2008,17.845701
Bahrain,BHR,2009,16.897371
Bahrain,BHR,2010,24.727013
Bahrain,BHR,2011,16.573673
Bahrain,BHR,2012,16.443216
Bahrain,BHR,2013,15.908292
Bahrain,BHR,2014,15.233952
Bahrain,BHR,2015,14.602206
Bahrain,BHR,2016,13.989839
Bahrain,BHR,2017,13.495249
Bahrain,BHR,2018,13.354398
Bahrain,BHR,2019,13.461894
Bahrain,BHR,2020,13.48544
Bahrain,BHR,2021,13.317689
Bahrain,BHR,2022,13.0424
Bangladesh,BGD,1990,107.136086
Bangladesh,BGD,1991,111.172516
Bangladesh,BGD,1992,111.33898
Bangladesh,BGD,1993,112.07767
Bangladesh,BGD,1994,115.586105
Bangladesh,BGD,1995,123.32752
Bangladesh,BGD,1996,126.699684
Bangladesh,BGD,1997,121.38548
Bangladesh,BGD,1998,120.11819
Bangladesh,BGD,1999,126.63875
Bangladesh,BGD,2000,125.60918
Bangladesh,BGD,2001,126.16423
Bangladesh,BGD,2002,127.68684
Bangladesh,BGD,2003,122.64991
Bangladesh,BGD,2004,121.41115
Bangladesh,BGD,2005,124.38173
Bangladesh,BGD,2006,128.95647
Bangladesh,BGD,2007,127.91467
Bangladesh,BGD,2008,138.81989
Bangladesh,BGD,2009,134.41705
Bangladesh,BGD,2010,136.13489
Bangladesh,BGD,2011,140.63318
Bangladesh,BGD,2012,135.68057
Bangladesh,BGD,2013,135.37157
Bangladesh,BGD,2014,139.1448
Bangladesh,BGD,2015,141.48293
Bangladesh,BGD,2016,135.00241
Bangladesh,BGD,2017,138.17456
Bangladesh,BGD,2018,140.71405
Bangladesh,BGD,2019,139.77061
Bangladesh,BGD,2020,141.5531
Bangladesh,BGD,2021,147.32297
Bangladesh,BGD,2022,145.99886
Barbados,BRB,1990,116.01691
Barbados,BRB,1991,154.2127
Barbados,BRB,1992,153.68538
Barbados,BRB,1993,153.23557
Barbados,BRB,1994,152.89058
Barbados,BRB,1995,152.64496
Barbados,BRB,1996,152.50294
Barbados,BRB,1997,152.43611
Barbados,BRB,1998,152.41927
Barbados,BRB,1999,152.36876
Barbados,BRB,2000,152.63039
Barbados,BRB,2001,114.316635
Barbados,BRB,2002,113.56968
Barbados,BRB,2003,112.87148
Barbados,BRB,2004,149.64627
Barbados,BRB,2005,111.64162
Barbados,BRB,2006,111.10658
Barbados,BRB,2007,110.579506
Barbados,BRB,2008,110.003334
Barbados,BRB,2009,109.43433
Barbados,BRB,2010,108.991425
Barbados,BRB,2011,108.636604
Barbados,BRB,2012,108.32319
Barbados,BRB,2013,108.042305
Barbados,BRB,2014,107.77604
Barbados,BRB,2015,107.52727
Barbados,BRB,2016,107.2946
Barbados,BRB,2017,107.075165
Barbados,BRB,2018,106.86843
Barbados,BRB,2019,106.67956
Barbados,BRB,2020,106.494
Barbados,BRB,2021,106.323784
Barbados,BRB,2022,106.26089
Belarus,BLR,1990,1745.4889
Belarus,BLR,1991,1641.1793
Belarus,BLR,1992,1323.2122
Belarus,BLR,1993,1291.8256
Belarus,BLR,1994,1247.2883
Belarus,BLR,1995,1249.33
Belarus,BLR,1996,1254.4243
Belarus,BLR,1997,1263.5387
Belarus,BLR,1998,1260.8403
Belarus,BLR,1999,1266.0345
Belarus,BLR,2000,1259.0941
Belarus,BLR,2001,1264.8334
Belarus,BLR,2002,1242.7267
Belarus,BLR,2003,1274.077
Belarus,BLR,2004,1302.5048
Belarus,BLR,2005,1343.631
Belarus,BLR,2006,1394.6652
Belarus,BLR,2007,1388.6659
Belarus,BLR,2008,1440.8107
Belarus,BLR,2009,1464.1328
Belarus,BLR,2010,1452.9934
Belarus,BLR,2011,1508.5396
Belarus,BLR,2012,1498.4559
Belarus,BLR,2013,1476.0492
Belarus,BLR,2014,1435.7041
Belarus,BLR,2015,1426.1187
Belarus,BLR,2016,1351.7119
Belarus,BLR,2017,1390.0892
Belarus,BLR,2018,1378.6875
Belarus,BLR,2019,1387.3264
Belarus,BLR,2020,1438.3575
Belarus,BLR,2021,1421.4114
Belarus,BLR,2022,1452.0497
Belgium,BEL,1990,337.3166
Belgium,BEL,1991,337.03497
Belgium,BEL,1992,328.48935
Belgium,BEL,1993,327.22086
Belgium,BEL,1994,325.2272
Belgium,BEL,1995,328.491
Belgium,BEL,1996,332.77637
Belgium,BEL,1997,326.08273
Belgium,BEL,1998,325.38858
Belgium,BEL,1999,331.48587
Belgium,BEL,2000,237.03343
Belgium,BEL,2001,231.35986
Belgium,BEL,2002,304.8493
Belgium,BEL,2003,294.90387
Belgium,BEL,2004,289.79117
Belgium,BEL,2005,283.42715
Belgium,BEL,2006,275.87006
Belgium,BEL,2007,279.51657
Belgium,BEL,2008,268.91483
Belgium,BEL,2009,278.37027
Belgium,BEL,2010,281.62268
Belgium,BEL,2011,275.39664
Belgium,BEL,2012,270.98752
Belgium,BEL,2013,268.81055
Belgium,BEL,2014,273.85986
Belgium,BEL,2015,274.93646
Belgium,BEL,2016,262.0733
Belgium,BEL,2017,253.1516
Belgium,BEL,2018,253.74919
Belgium,BEL,2019,254.99052
Belgium,BEL,2020,251.2976
Belgium,BEL,2021,251.49422
Belgium,BEL,2022,175.23042
Belize,BLZ,1990,327.70767
Belize,BLZ,1991,320.75955
Belize,BLZ,1992,314.14435
Belize,BLZ,1993,307.8249
Belize,BLZ,1994,301.35458
Belize,BLZ,1995,244.89996
Belize,BLZ,1996,237.73186
Belize,BLZ,1997,229.9284
Belize,BLZ,1998,222.03868
Belize,BLZ,1999,257.4378
Belize,BLZ,2000,249.16011
Belize,BLZ,2001,241.55269
Belize,BLZ,2002,468.7152
Belize,BLZ,2003,644.44226
Belize,BLZ,2004,220.83586
Belize,BLZ,2005,285.9727
Belize,BLZ,2006,243.14928
Belize,BLZ,2007,270.16348
Belize,BLZ,2008,229.98097
Belize,BLZ,2009,319.8782
Belize,BLZ,2010,249.80016
Belize,BLZ,2011,336.07693
Belize,BLZ,2012,299.0243
Belize,BLZ,2013,468.3361
Belize,BLZ,2014,487.19815
Belize,BLZ,2015,477.07114
Belize,BLZ,2016,466.11484
Belize,BLZ,2017,401.91312
Belize,BLZ,2018,420.79572
Belize,BLZ,2019,440.60513
Belize,BLZ,2020,434.98398
Belize,BLZ,2021,429.99332
Belize,BLZ,2022,297.95822
Benin,BEN,1990,232.88918
Benin,BEN,1991,236.83043
Benin,BEN,1992,233.18541
Benin,BEN,1993,224.76859
Benin,BEN,1994,231.27986
Benin,BEN,1995,218.41162
Benin,BEN,1996,267.52774
Benin,BEN,1997,273.416
Benin,BEN,1998,278.37134
Benin,BEN,1999,265.60736
Benin,BEN,2000,276.94626
Benin,BEN,2001,209.51973
Benin,BEN,2002,241.02884
Benin,BEN,2003,208.51567
Benin,BEN,2004,194.87448
Benin,BEN,2005,230.23578
Benin,BEN,2006,200.15546
Benin,BEN,2007,201.02808
Benin,BEN,2008,173.37656
Benin,BEN,2009,176.66672
Benin,BEN,2010,174.53453
Benin,BEN,2011,174.36746
Benin,BEN,2012,173.11589
Benin,BEN,2013,177.42366
Benin,BEN,2014,171.35074
Benin,BEN,2015,161.96213
Benin,BEN,2016,171.82652
Benin,BEN,2017,159.47139
Benin,BEN,2018,180.08052
Benin,BEN,2019,194.07925
Benin,BEN,2020,175.20813
Benin,BEN,2021,181.16182
Benin,BEN,2022,184.59964
Bhutan,BTN,1990,169.6943
Bhutan,BTN,1991,50.01759
Bhutan,BTN,1992,51.922874
Bhutan,BTN,1993,54.085236
Bhutan,BTN,1994,54.101917
Bhutan,BTN,1995,54.745026
Bhutan,BTN,1996,54.66552
Bhutan,BTN,1997,53.69627
Bhutan,BTN,1998,52.68343
Bhutan,BTN,1999,51.494278
Bhutan,BTN,2000,50.262115
Bhutan,BTN,2001,49.115833
Bhutan,BTN,2002,48.044815
Bhutan,BTN,2003,47.046497
Bhutan,BTN,2004,46.114185
Bhutan,BTN,2005,45.32578
Bhutan,BTN,2006,119.26005
Bhutan,BTN,2007,117.8823
Bhutan,BTN,2008,131.12672
Bhutan,BTN,2009,115.27477
Bhutan,BTN,2010,114.018906
Bhutan,BTN,2011,112.77342
Bhutan,BTN,2012,111.53121
Bhutan,BTN,2013,110.30192
Bhutan,BTN,2014,109.118034
Bhutan,BTN,2015,108.017166
Bhutan,BTN,2016,120.340485
Bhutan,BTN,2017,119.30913
Bhutan,BTN,2018,118.45753
Bhutan,BTN,2019,117.67321
Bhutan,BTN,2020,103.89435
Bhutan,BTN,2021,103.1659
Bhutan,BTN,2022,89.63775
Bolivia,BOL,1990,604.47595
Bolivia,BOL,1991,607.11835
Bolivia,BOL,1992,606.9711
Bolivia,BOL,1993,608.24396
Bolivia,BOL,1994,614.70215
Bolivia,BOL,1995,617.1683
Bolivia,BOL,1996,582.16785
Bolivia,BOL,1997,592.5628
Bolivia,BOL,1998,619.4818
Bolivia,BOL,1999,643.04047
Bolivia,BOL,2000,600.72064
Bolivia,BOL,2001,583.8172
Bolivia,BOL,2002,660.6476
Bolivia,BOL,2003,622.05115
Bolivia,BOL,2004,689.89514
Bolivia,BOL,2005,729.6418
Bolivia,BOL,2006,686.8532
Bolivia,BOL,2007,672.1069
Bolivia,BOL,2008,660.8561
Bolivia,BOL,2009,648.9436
Bolivia,BOL,2010,792.5483
Bolivia,BOL,2011,692.8252
Bolivia,BOL,2012,683.7321
Bolivia,BOL,2013,672.12024
Bolivia,BOL,2014,626.7923
Bolivia,BOL,2015,658.2109
Bolivia,BOL,2016,686.9397
Bolivia,BOL,2017,661.10803
Bolivia,BOL,2018,644.7481
Bolivia,BOL,2019,696.5754
Bolivia,BOL,2020,699.03436
Bolivia,BOL,2021,704.5103
Bolivia,BOL,2022,713.7442
Bosnia and Herzegovina,BIH,1990,157.35081
Bosnia and Herzegovina,BIH,1991,141.30788
Bosnia and Herzegovina,BIH,1992,144.0507
Bosnia and Herzegovina,BIH,1993,145.986
Bosnia and Herzegovina,BIH,1994,144.95042
Bosnia and Herzegovina,BIH,1995,129.18626
Bosnia and Herzegovina,BIH,1996,108.38021
Bosnia and Herzegovina,BIH,1997,126.921616
Bosnia and Herzegovina,BIH,1998,158.94919
Bosnia and Herzegovina,BIH,1999,169.47871
Bosnia and Herzegovina,BIH,2000,168.27792
Bosnia and Herzegovina,BIH,2001,153.13034
Bosnia and Herzegovina,BIH,2002,150.42958
Bosnia and Herzegovina,BIH,2003,143.59142
Bosnia and Herzegovina,BIH,2004,185.94586
Bosnia and Herzegovina,BIH,2005,192.84789
Bosnia and Herzegovina,BIH,2006,189.50258
Bosnia and Herzegovina,BIH,2007,181.88977
Bosnia and Herzegovina,BIH,2008,215.3237
Bosnia and Herzegovina,BIH,2009,250.01303
Bosnia and Herzegovina,BIH,2010,249.24701
Bosnia and Herzegovina,BIH,2011,283.2862
Bosnia and Herzegovina,BIH,2012,310.61746
Bosnia and Herzegovina,BIH,2013,296.32855
Bosnia and Herzegovina,BIH,2014,325.40112
Bosnia and Herzegovina,BIH,2015,341.05048
Bosnia and Herzegovina,BIH,2016,310.9706
Bosnia and Herzegovina,BIH,2017,312.0731
Bosnia and Herzegovina,BIH,2018,286.38922
Bosnia and Herzegovina,BIH,2019,242.11397
Bosnia and Herzegovina,BIH,2020,281.87354
Bosnia and Herzegovina,BIH,2021,228.04933
Bosnia and Herzegovina,BIH,2022,234.02382
Botswana,BWA,1990,3231.985
Botswana,BWA,1991,3018.408
Botswana,BWA,1992,2854.994
Botswana,BWA,1993,2696.955
Botswana,BWA,1994,2712.273
Botswana,BWA,1995,2822.1787
Botswana,BWA,1996,3066.572
Botswana,BWA,1997,2831.329
Botswana,BWA,1998,2476.8096
Botswana,BWA,1999,2356.8733
Botswana,BWA,2000,2205.8157
Botswana,BWA,2001,2990.193
Botswana,BWA,2002,3037.6584
Botswana,BWA,2003,895.39935
Botswana,BWA,2004,984.9747
Botswana,BWA,2005,1266.3862
Botswana,BWA,2006,1781.7837
Botswana,BWA,2007,1302.8464
Botswana,BWA,2008,3471.843
Botswana,BWA,2009,1135.2955
Botswana,BWA,2010,3993.8813
Botswana,BWA,2011,5102.39
Botswana,BWA,2012,1896.978
Botswana,BWA,2013,1560.2467
Botswana,BWA,2014,962.22327
Botswana,BWA,2015,826.0427
Botswana,BWA,2016,639.8829
Botswana,BWA,2017,1319.0697
Botswana,BWA,2018,852.4894
Botswana,BWA,2019,458.8175
Botswana,BWA,2020,1082.043
Botswana,BWA,2021,2660.8945
Botswana,BWA,2022,1963.1992
Brazil,BRA,1990,581.8568
Brazil,BRA,1991,589.2268
Brazil,BRA,1992,590.1796
Brazil,BRA,1993,589.81635
Brazil,BRA,1994,598.18536
Brazil,BRA,1995,596.7784
Brazil,BRA,1996,555.5943
Brazil,BRA,1997,565.69696
Brazil,BRA,1998,583.8272
Brazil,BRA,1999,576.72516
Brazil,BRA,2000,567.4116
Brazil,BRA,2001,593.5864
Brazil,BRA,2002,630.0157
Brazil,BRA,2003,650.58276
Brazil,BRA,2004,681.59247
Brazil,BRA,2005,672.3227
Brazil,BRA,2006,652.8153
Brazil,BRA,2007,699.48755
Brazil,BRA,2008,662.61383
Brazil,BRA,2009,641.50366
Brazil,BRA,2010,710.5763
Brazil,BRA,2011,702.103
Brazil,BRA,2012,699.0691
Brazil,BRA,2013,694.08093
Brazil,BRA,2014,716.59503
Brazil,BRA,2015,699.09326
Brazil,BRA,2016,692.75323
Brazil,BRA,2017,724.707
Brazil,BRA,2018,699.8783
Brazil,BRA,2019,724.44464
Brazil,BRA,2020,757.4013
Brazil,BRA,2021,784.25085
Brazil,BRA,2022,804.16
Brunei,BRN,1990,78.33706
Brunei,BRN,1991,76.1603
Brunei,BRN,1992,111.1737
Brunei,BRN,1993,108.31185
Brunei,BRN,1994,105.59736
Brunei,BRN,1995,103.0195
Brunei,BRN,1996,100.57562
Brunei,BRN,1997,98.24566
Brunei,BRN,1998,128.0418
Brunei,BRN,1999,125.23011
Brunei,BRN,2000,153.17267
Brunei,BRN,2001,149.99115
Brunei,BRN,2002,147.01213
Brunei,BRN,2003,173.08524
Brunei,BRN,2004,170.00972
Brunei,BRN,2005,167.16351
Brunei,BRN,2006,164.53232
Brunei,BRN,2007,188.73877
Brunei,BRN,2008,158.81418
Brunei,BRN,2009,155.85832
Brunei,BRN,2010,178.41669
Brunei,BRN,2011,175.26509
Brunei,BRN,2012,172.59915
Brunei,BRN,2013,194.55016
Brunei,BRN,2014,167.9636
Brunei,BRN,2015,165.78917
Brunei,BRN,2016,187.10342
Brunei,BRN,2017,161.74239
Brunei,BRN,2018,182.72725
Brunei,BRN,2019,158.12419
Brunei,BRN,2020,178.8065
Brunei,BRN,2021,199.2376
Brunei,BRN,2022,197.63976
Bulgaria,BGR,1990,612.0807
Bulgaria,BGR,1991,563.49054
Bulgaria,BGR,1992,403.0802
Bulgaria,BGR,1993,342.52512
Bulgaria,BGR,1994,345.73203
Bulgaria,BGR,1995,275.1994
Bulgaria,BGR,1996,284.6322
Bulgaria,BGR,1997,295.72473
Bulgaria,BGR,1998,276.47415
Bulgaria,BGR,1999,266.5026
Bulgaria,BGR,2000,284.9815
Bulgaria,BGR,2001,309.01355
Bulgaria,BGR,2002,375.22504
Bulgaria,BGR,2003,385.67963
Bulgaria,BGR,2004,361.3169
Bulgaria,BGR,2005,311.88895
Bulgaria,BGR,2006,274.85858
Bulgaria,BGR,2007,307.10846
Bulgaria,BGR,2008,335.74017
Bulgaria,BGR,2009,373.93082
Bulgaria,BGR,2010,365.70966
Bulgaria,BGR,2011,445.79807
Bulgaria,BGR,2012,352.60254
Bulgaria,BGR,2013,400.5724
Bulgaria,BGR,2014,409.7765
Bulgaria,BGR,2015,429.11786
Bulgaria,BGR,2016,462.9996
Bulgaria,BGR,2017,462.14886
Bulgaria,BGR,2018,458.37964
Bulgaria,BGR,2019,475.95386
Bulgaria,BGR,2020,474.49713
Bulgaria,BGR,2021,484.20712
Bulgaria,BGR,2022,193.38217
Burkina Faso,BFA,1990,407.2338
Burkina Faso,BFA,1991,416.19516
Burkina Faso,BFA,1992,414.3612
Burkina Faso,BFA,1993,411.27606
Burkina Faso,BFA,1994,409.92487
Burkina Faso,BFA,1995,410.139
Burkina Faso,BFA,1996,426.0533
Burkina Faso,BFA,1997,435.3305
Burkina Faso,BFA,1998,428.80014
Burkina Faso,BFA,1999,428.51233
Burkina Faso,BFA,2000,451.13232
Burkina Faso,BFA,2001,396.0961
Burkina Faso,BFA,2002,408.48822
Burkina Faso,BFA,2003,482.3226
Burkina Faso,BFA,2004,482.9438
Burkina Faso,BFA,2005,485.2095
Burkina Faso,BFA,2006,458.47583
Burkina Faso,BFA,2007,452.8792
Burkina Faso,BFA,2008,447.631
Burkina Faso,BFA,2009,444.3011
Burkina Faso,BFA,2010,450.65363
Burkina Faso,BFA,2011,436.9248
Burkina Faso,BFA,2012,426.85062
Burkina Faso,BFA,2013,428.35965
Burkina Faso,BFA,2014,419.65027
Burkina Faso,BFA,2015,410.59805
Burkina Faso,BFA,2016,421.00137
Burkina Faso,BFA,2017,410.1654
Burkina Faso,BFA,2018,403.65414
Burkina Faso,BFA,2019,394.52426
Burkina Faso,BFA,2020,322.64536
Burkina Faso,BFA,2021,386.44708
Burkina Faso,BFA,2022,376.2933
Burundi,BDI,1990,94.862206
Burundi,BDI,1991,92.919525
Burundi,BDI,1992,92.17526
Burundi,BDI,1993,93.36168
Burundi,BDI,1994,84.00632
Burundi,BDI,1995,82.4223
Burundi,BDI,1996,80.718094
Burundi,BDI,1997,82.37181
Burundi,BDI,1998,77.5806
Burundi,BDI,1999,78.89976
Burundi,BDI,2000,77.27741
Burundi,BDI,2001,75.36513
Burundi,BDI,2002,71.80393
Burundi,BDI,2003,69.57107
Burundi,BDI,2004,71.12904
Burundi,BDI,2005,71.17154
Burundi,BDI,2006,73.73933
Burundi,BDI,2007,71.062065
Burundi,BDI,2008,72.892784
Burundi,BDI,2009,74.879974
Burundi,BDI,2010,78.92114
Burundi,BDI,2011,81.29262
Burundi,BDI,2012,81.42164
Burundi,BDI,2013,91.00187
Burundi,BDI,2014,87.96468
Burundi,BDI,2015,83.27615
Burundi,BDI,2016,92.53114
Burundi,BDI,2017,106.893654
Burundi,BDI,2018,107.08765
Burundi,BDI,2019,93.02068
Burundi,BDI,2020,86.3911
Burundi,BDI,2021,94.09597
Burundi,BDI,2022,94.58677
Cambodia,KHM,1990,315.94272
Cambodia,KHM,1991,308.31845
Cambodia,KHM,1992,311.84192
Cambodia,KHM,1993,302.91132
Cambodia,KHM,1994,278.16382
Cambodia,KHM,1995,270.49957
Cambodia,KHM,1996,267.5612
Cambodia,KHM,1997,243.71301
Cambodia,KHM,1998,224.7437
Cambodia,KHM,1999,247.84492
Cambodia,KHM,2000,220.66476
Cambodia,KHM,2001,209.34573
Cambodia,KHM,2002,215.47618
Cambodia,KHM,2003,220.67314
Cambodia,KHM,2004,226.50507
Cambodia,KHM,2005,215.04253
Cambodia,KHM,2006,235.35394
Cambodia,KHM,2007,239.85367
Cambodia,KHM,2008,236.24043
Cambodia,KHM,2009,245.85309
Cambodia,KHM,2010,237.91907
Cambodia,KHM,2011,243.843
Cambodia,KHM,2012,228.1686
Cambodia,KHM,2013,222.8051
Cambodia,KHM,2014,220.82553
Cambodia,KHM,2015,232.346
Cambodia,KHM,2016,212.5807
Cambodia,KHM,2017,242.6373
Cambodia,KHM,2018,247.01186
Cambodia,KHM,2019,229.95752
Cambodia,KHM,2020,221.8172
Cambodia,KHM,2021,230.93724
Cambodia,KHM,2022,206.3747
Cameroon,CMR,1990,353.87057
Cameroon,CMR,1991,339.41345
Cameroon,CMR,1992,330.65802
Cameroon,CMR,1993,321.376
Cameroon,CMR,1994,314.83914
Cameroon,CMR,1995,306.3135
Cameroon,CMR,1996,316.06973
Cameroon,CMR,1997,319.41425
Cameroon,CMR,1998,345.70868
Cameroon,CMR,1999,333.90372
Cameroon,CMR,2000,367.4737
Cameroon,CMR,2001,326.59482
Cameroon,CMR,2002,318.59015
Cameroon,CMR,2003,348.38376
Cameroon,CMR,2004,299.2086
Cameroon,CMR,2005,330.9009
Cameroon,CMR,2006,292.301
Cameroon,CMR,2007,276.45587
Cameroon,CMR,2008,259.5018
Cameroon,CMR,2009,244.32382
Cameroon,CMR,2010,248.11798
Cameroon,CMR,2011,236.75
Cameroon,CMR,2012,226.33861
Cameroon,CMR,2013,225.67584
Cameroon,CMR,2014,223.02917
Cameroon,CMR,2015,218.33276
Cameroon,CMR,2016,214.46085
Cameroon,CMR,2017,206.394
Cameroon,CMR,2018,198.73921
Cameroon,CMR,2019,192.11095
Cameroon,CMR,2020,192.6704
Cameroon,CMR,2021,188.36545
Cameroon,CMR,2022,187.82048
Canada,CAN,1990,858.5997
Canada,CAN,1991,863.0133
Canada,CAN,1992,866.3138
Canada,CAN,1993,875.8045
Canada,CAN,1994,868.3455
Canada,CAN,1995,903.964
Canada,CAN,1996,937.9448
Canada,CAN,1997,908.5438
Canada,CAN,1998,929.4437
Canada,CAN,1999,913.74164
Canada,CAN,2000,874.0184
Canada,CAN,2001,849.63025
Canada,CAN,2002,860.9323
Canada,CAN,2003,870.3851
Canada,CAN,2004,866.40765
Canada,CAN,2005,898.269
Canada,CAN,2006,815.95465
Canada,CAN,2007,908.06976
Canada,CAN,2008,880.44257
Canada,CAN,2009,846.38104
Canada,CAN,2010,856.8028
Canada,CAN,2011,910.7102
Canada,CAN,2012,956.68945
Canada,CAN,2013,934.73517
Canada,CAN,2014,911.20166
Canada,CAN,2015,900.389
Canada,CAN,2016,872.822
Canada,CAN,2017,872.0812
Canada,CAN,2018,903.8746
Canada,CAN,2019,864.676
Canada,CAN,2020,925.8118
Canada,CAN,2021,875.07025
Canada,CAN,2022,872.9753
Cape Verde,CPV,1990,106.5425
Cape Verde,CPV,1991,130.00418
Cape Verde,CPV,1992,177.92418
Cape Verde,CPV,1993,174.13931
Cape Verde,CPV,1994,121.88285
Cape Verde,CPV,1995,167.41765
Cape Verde,CPV,1996,117.48341
Cape Verde,CPV,1997,138.6312
Cape Verde,CPV,1998,136.42906
Cape Verde,CPV,1999,156.76509
Cape Verde,CPV,2000,132.35245
Cape Verde,CPV,2001,130.34976
Cape Verde,CPV,2002,128.46425
Cape Verde,CPV,2003,105.6225
Cape Verde,CPV,2004,125.162445
Cape Verde,CPV,2005,103.06558
Cape Verde,CPV,2006,101.88944
Cape Verde,CPV,2007,100.76663
Cape Verde,CPV,2008,99.72834
Cape Verde,CPV,2009,98.78534
Cape Verde,CPV,2010,98.079025
Cape Verde,CPV,2011,97.7607
Cape Verde,CPV,2012,97.662735
Cape Verde,CPV,2013,97.61221
Cape Verde,CPV,2014,97.59259
Cape Verde,CPV,2015,117.09487
Cape Verde,CPV,2016,117.06038
Cape Verde,CPV,2017,97.485085
Cape Verde,CPV,2018,77.909225
Cape Verde,CPV,2019,97.25432
Cape Verde,CPV,2020,97.14718
Cape Verde,CPV,2021,96.77638
Cape Verde,CPV,2022,96.200096
Central African Republic,CAF,1990,2419.988
Central African Republic,CAF,1991,2382.5635
Central African Republic,CAF,1992,2311.336
Central African Republic,CAF,1993,2245.204
Central African Republic,CAF,1994,2185.4192
Central African Republic,CAF,1995,2138.5505
Central African Republic,CAF,1996,2401.0667
Central African Republic,CAF,1997,2352.9746
Central African Republic,CAF,1998,2538.006
Central African Republic,CAF,1999,2174.582
Central African Republic,CAF,2000,2467.7698
Central African Republic,CAF,2001,1959.4346
Central African Republic,CAF,2002,1672.4583
Central African Republic,CAF,2003,2220.2766
Central African Republic,CAF,2004,1855.5496
Central African Republic,CAF,2005,1928.2721
Central African Republic,CAF,2006,1921.1519
Central African Republic,CAF,2007,1886.7177
Central African Republic,CAF,2008,1996.0566
Central African Republic,CAF,2009,1543.3696
Central African Republic,CAF,2010,1776.095
Central African Republic,CAF,2011,1848.8406
Central African Republic,CAF,2012,1518.1589
Central African Republic,CAF,2013,1628.46
Central African Republic,CAF,2014,1585.4863
Central African Republic,CAF,2015,1624.428
Central African Republic,CAF,2016,1762.9602
Central African Republic,CAF,2017,1545.8395
Central African Republic,CAF,2018,1555.7542
Central African Republic,CAF,2019,1363.0734
Central African Republic,CAF,2020,1458.2338
Central African Republic,CAF,2021,1435.8083
Central African Republic,CAF,2022,1502.5388
Chad,TCD,1990,813.99493
Chad,TCD,1991,1092.5461
Chad,TCD,1992,1087.3173
Chad,TCD,1993,1093.655
Chad,TCD,1994,1114.4762
Chad,TCD,1995,1105.929
Chad,TCD,1996,1268.5376
Chad,TCD,1997,1230.7096
Chad,TCD,1998,1216.8022
Chad,TCD,1999,1259.9252
Chad,TCD,2000,1341.6208
Chad,TCD,2001,1093.8058
Chad,TCD,2002,1147.4086
Chad,TCD,2003,1162.5419
Chad,TCD,2004,1157.2538
Chad,TCD,2005,1184.1488
Chad,TCD,2006,1167.5231
Chad,TCD,2007,1192.9613
Chad,TCD,2008,1178.0802
Chad,TCD,2009,1150.1837
Chad,TCD,2010,1190.6521
Chad,TCD,2011,1206.5853
Chad,TCD,2012,1228.5211
Chad,TCD,2013,1221.9634
Chad,TCD,2014,1229.1489
Chad,TCD,2015,1282.8018
Chad,TCD,2016,1338.4364
Chad,TCD,2017,1326.2704
Chad,TCD,2018,1368.4866
Chad,TCD,2019,1368.2766
Chad,TCD,2020,1424.1189
Chad,TCD,2021,1426.386
Chad,TCD,2022,1444.0281
Chile,CHL,1990,260.4713
Chile,CHL,1991,254.71214
Chile,CHL,1992,261.44113
Chile,CHL,1993,270.16916
Chile,CHL,1994,280.79953
Chile,CHL,1995,288.42087
Chile,CHL,1996,293.19843
Chile,CHL,1997,295.33023
Chile,CHL,1998,290.1942
Chile,CHL,1999,295.05243
Chile,CHL,2000,293.47952
Chile,CHL,2001,292.02008
Chile,CHL,2002,277.46378
Chile,CHL,2003,278.94342
Chile,CHL,2004,299.61716
Chile,CHL,2005,285.03656
Chile,CHL,2006,283.4784
Chile,CHL,2007,279.51773
Chile,CHL,2008,286.2405
Chile,CHL,2009,268.08185
Chile,CHL,2010,284.60904
Chile,CHL,2011,282.3913
Chile,CHL,2012,281.9777
Chile,CHL,2013,263.47025
Chile,CHL,2014,249.66145
Chile,CHL,2015,255.98929
Chile,CHL,2016,233.75198
Chile,CHL,2017,231.15634
Chile,CHL,2018,222.83168
Chile,CHL,2019,229.19356
Chile,CHL,2020,226.63187
Chile,CHL,2021,230.7733
Chile,CHL,2022,204.57184
China,CHN,1990,195.66
China,CHN,1991,197.33708
China,CHN,1992,198.37508
China,CHN,1993,188.73997
China,CHN,1994,196.06235
China,CHN,1995,222.88538
China,CHN,1996,237.03743
China,CHN,1997,212.74802
China,CHN,1998,215.00629
China,CHN,1999,222.57198
China,CHN,2000,213.2278
China,CHN,2001,211.21819
China,CHN,2002,220.03053
China,CHN,2003,217.60234
China,CHN,2004,222.90909
China,CHN,2005,224.75107
China,CHN,2006,225.89362
China,CHN,2007,224.96376
China,CHN,2008,228.73384
China,CHN,2009,229.53056
China,CHN,2010,230.07462
China,CHN,2011,228.15648
China,CHN,2012,229.23346
China,CHN,2013,228.06975
China,CHN,2014,227.02515
China,CHN,2015,228.02965
China,CHN,2016,225.80351
China,CHN,2017,219.64029
China,CHN,2018,213.16989
China,CHN,2019,204.03644
China,CHN,2020,202.80399
China,CHN,2021,202.49751
China,CHN,2022,200.46597
Colombia,COL,1990,443.89554
Colombia,COL,1991,433.55606
Colombia,COL,1992,423.27484
Colombia,COL,1993,422.16537
Colombia,COL,1994,420.18472
Colombia,COL,1995,410.84027
Colombia,COL,1996,397.1177
Colombia,COL,1997,389.8047
Colombia,COL,1998,389.76328
Colombia,COL,1999,367.4438
Colombia,COL,2000,371.70688
Colombia,COL,2001,376.23462
Colombia,COL,2002,376.44437
Colombia,COL,2003,385.46634
Colombia,COL,2004,386.82645
Colombia,COL,2005,369.1046
Colombia,COL,2006,363.7762
Colombia,COL,2007,385.3326
Colombia,COL,2008,374.7817
Colombia,COL,2009,364.79416
Colombia,COL,2010,374.2966
Colombia,COL,2011,352.63226
Colombia,COL,2012,327.89532
Colombia,COL,2013,315.9155
Colombia,COL,2014,325.99295
Colombia,COL,2015,310.1984
Colombia,COL,2016,311.14618
Colombia,COL,2017,328.47803
Colombia,COL,2018,342.2781
Colombia,COL,2019,345.4357
Colombia,COL,2020,358.48312
Colombia,COL,2021,366.1002
Colombia,COL,2022,359.69733
Comoros,COM,1990,89.96831
Comoros,COM,1991,65.85258
Comoros,COM,1992,64.49976
Comoros,COM,1993,63.33376
Comoros,COM,1994,62.221558
Comoros,COM,1995,81.53381
Comoros,COM,1996,80.14217
Comoros,COM,1997,78.77443
Comoros,COM,1998,77.428444
Comoros,COM,1999,76.06095
Comoros,COM,2000,74.61517
Comoros,COM,2001,73.09661
Comoros,COM,2002,71.5657
Comoros,COM,2003,70.19908
Comoros,COM,2004,68.88108
Comoros,COM,2005,67.49016
Comoros,COM,2006,66.142815
Comoros,COM,2007,64.83665
Comoros,COM,2008,63.56127
Comoros,COM,2009,62.310246
Comoros,COM,2010,61.08306
Comoros,COM,2011,59.8745
Comoros,COM,2012,58.68226
Comoros,COM,2013,57.454506
Comoros,COM,2014,56.218307
Comoros,COM,2015,55.044483
Comoros,COM,2016,53.926888
Comoros,COM,2017,52.863064
Comoros,COM,2018,51.84053
Comoros,COM,2019,50.85293
Comoros,COM,2020,49.864616
Comoros,COM,2021,48.889114
Comoros,COM,2022,47.95065
Congo,COG,1990,436.8716
Congo,COG,1991,424.62238
Congo,COG,1992,412.7857
Congo,COG,1993,400.7511
Congo,COG,1994,389.05453
Congo,COG,1995,378.25552
Congo,COG,1996,173.34174
Congo,COG,1997,176.60123
Congo,COG,1998,182.92299
Congo,COG,1999,178.04883
Congo,COG,2000,142.79599
Congo,COG,2001,152.78642
Congo,COG,2002,214.87599
Congo,COG,2003,319.2331
Congo,COG,2004,325.33414
Congo,COG,2005,365.2203
Congo,COG,2006,354.4056
Congo,COG,2007,311.52414
Congo,COG,2008,301.44543
Congo,COG,2009,277.95828
Congo,COG,2010,304.7753
Congo,COG,2011,308.0442
Congo,COG,2012,286.89218
Congo,COG,2013,296.47296
Congo,COG,2014,247.19211
Congo,COG,2015,276.60165
Congo,COG,2016,273.81287
Congo,COG,2017,261.6327
Congo,COG,2018,262.62384
Congo,COG,2019,252.81946
Congo,COG,2020,219.02408
Congo,COG,2021,208.75102
Congo,COG,2022,243.57494
Cook Islands,COK,1990,0
Cook Islands,COK,1991,0
Cook Islands,COK,1992,0
Cook Islands,COK,1993,0
Cook Islands,COK,1994,0
Cook Islands,COK,1995,0
Cook Islands,COK,1996,0
Cook Islands,COK,1997,0
Cook Islands,COK,1998,0
Cook Islands,COK,1999,0
Cook Islands,COK,2000,0
Cook Islands,COK,2001,0
Cook Islands,COK,2002,0
Cook Islands,COK,2003,0
Cook Islands,COK,2004,0
Cook Islands,COK,2005,0
Cook Islands,COK,2006,0
Cook Islands,COK,2007,0
Cook Islands,COK,2008,0
Cook Islands,COK,2009,0
Cook Islands,COK,2010,0
Cook Islands,COK,2011,0
Cook Islands,COK,2012,0
Cook Islands,COK,2013,0
Cook Islands,COK,2014,0
Cook Islands,COK,2015,0
Cook Islands,COK,2016,0
Cook Islands,COK,2017,0
Cook Islands,COK,2018,0
Cook Islands,COK,2019,0
Cook Islands,COK,2020,0
Cook Islands,COK,2021,0
Cook Islands,COK,2022,0
Costa Rica,CRI,1990,435.6591
Costa Rica,CRI,1991,437.20187
Costa Rica,CRI,1992,426.27548
Costa Rica,CRI,1993,406.83774
Costa Rica,CRI,1994,388.27954
Costa Rica,CRI,1995,350.76016
Costa Rica,CRI,1996,364.74045
Costa Rica,CRI,1997,367.3975
Costa Rica,CRI,1998,370.09232
Costa Rica,CRI,1999,315.89008
Costa Rica,CRI,2000,286.96686
Costa Rica,CRI,2001,254.43065
Costa Rica,CRI,2002,247.80959
Costa Rica,CRI,2003,268.19427
Costa Rica,CRI,2004,240.47166
Costa Rica,CRI,2005,251.10063
Costa Rica,CRI,2006,249.92267
Costa Rica,CRI,2007,264.82507
Costa Rica,CRI,2008,277.0234
Costa Rica,CRI,2009,231.122
Costa Rica,CRI,2010,250.2214
Costa Rica,CRI,2011,288.51364
Costa Rica,CRI,2012,274.44666
Costa Rica,CRI,2013,275.64838
Costa Rica,CRI,2014,255.9194
Costa Rica,CRI,2015,265.6679
Costa Rica,CRI,2016,285.5967
Costa Rica,CRI,2017,278.84198
Costa Rica,CRI,2018,290.45065
Costa Rica,CRI,2019,290.02618
Costa Rica,CRI,2020,272.13193
Costa Rica,CRI,2021,272.72775
Costa Rica,CRI,2022,263.68796
Cote d'Ivoire,CIV,1990,159.14972
Cote d'Ivoire,CIV,1991,156.89212
Cote d'Ivoire,CIV,1992,153.02667
Cote d'Ivoire,CIV,1993,152.15541
Cote d'Ivoire,CIV,1994,150.48424
Cote d'Ivoire,CIV,1995,147.4195
Cote d'Ivoire,CIV,1996,137.93263
Cote d'Ivoire,CIV,1997,141.45789
Cote d'Ivoire,CIV,1998,138.0225
Cote d'Ivoire,CIV,1999,129.53114
Cote d'Ivoire,CIV,2000,130.5158
Cote d'Ivoire,CIV,2001,133.67131
Cote d'Ivoire,CIV,2002,149.02353
Cote d'Ivoire,CIV,2003,139.081
Cote d'Ivoire,CIV,2004,109.721886
Cote d'Ivoire,CIV,2005,138.02748
Cote d'Ivoire,CIV,2006,125.08025
Cote d'Ivoire,CIV,2007,126.95812
Cote d'Ivoire,CIV,2008,113.41217
Cote d'Ivoire,CIV,2009,107.28279
Cote d'Ivoire,CIV,2010,105.38921
Cote d'Ivoire,CIV,2011,107.4754
Cote d'Ivoire,CIV,2012,106.5322
Cote d'Ivoire,CIV,2013,112.3653
Cote d'Ivoire,CIV,2014,95.403534
Cote d'Ivoire,CIV,2015,96.64765
Cote d'Ivoire,CIV,2016,115.431656
Cote d'Ivoire,CIV,2017,94.63825
Cote d'Ivoire,CIV,2018,92.84823
Cote d'Ivoire,CIV,2019,93.99492
Cote d'Ivoire,CIV,2020,94.759026
Cote d'Ivoire,CIV,2021,92.10608
Cote d'Ivoire,CIV,2022,91.4624
Croatia,HRV,1990,353.66626
Croatia,HRV,1991,321.23294
Croatia,HRV,1992,311.5698
Croatia,HRV,1993,264.28546
Croatia,HRV,1994,265.2113
Croatia,HRV,1995,259.77615
Croatia,HRV,1996,267.40958
Croatia,HRV,1997,335.21088
Croatia,HRV,1998,269.92563
Croatia,HRV,1999,275.88895
Croatia,HRV,2000,291.25507
Croatia,HRV,2001,278.99976
Croatia,HRV,2002,318.17673
Croatia,HRV,2003,301.8564
Croatia,HRV,2004,348.0238
Croatia,HRV,2005,315.25662
Croatia,HRV,2006,405.48663
Croatia,HRV,2007,424.00775
Croatia,HRV,2008,491.35092
Croatia,HRV,2009,271.4279
Croatia,HRV,2010,295.26987
Croatia,HRV,2011,324.7036
Croatia,HRV,2012,281.74088
Croatia,HRV,2013,245.14407
Croatia,HRV,2014,239.3657
Croatia,HRV,2015,258.14273
Croatia,HRV,2016,251.42404
Croatia,HRV,2017,281.91815
Croatia,HRV,2018,285.72366
Croatia,HRV,2019,288.48532
Croatia,HRV,2020,295.90616
Croatia,HRV,2021,300.66702
Croatia,HRV,2022,271.30576
Cuba,CUB,1990,408.2095
Cuba,CUB,1991,385.34604
Cuba,CUB,1992,367.14917
Cuba,CUB,1993,320.08
Cuba,CUB,1994,299.4666
Cuba,CUB,1995,294.72708
Cuba,CUB,1996,290.0928
Cuba,CUB,1997,298.23785
Cuba,CUB,1998,287.27518
Cuba,CUB,1999,268.23865
Cuba,CUB,2000,263.74747
Cuba,CUB,2001,274.58392
Cuba,CUB,2002,250.50499
Cuba,CUB,2003,232.84073
Cuba,CUB,2004,240.24011
Cuba,CUB,2005,223.75034
Cuba,CUB,2006,237.6192
Cuba,CUB,2007,234.7777
Cuba,CUB,2008,235.56993
Cuba,CUB,2009,231.08144
Cuba,CUB,2010,248.72948
Cuba,CUB,2011,251.29233
Cuba,CUB,2012,250.3722
Cuba,CUB,2013,259.3342
Cuba,CUB,2014,265.82123
Cuba,CUB,2015,257.20465
Cuba,CUB,2016,253.86984
Cuba,CUB,2017,250.71515
Cuba,CUB,2018,244.94269
Cuba,CUB,2019,249.04384
Cuba,CUB,2020,226.37088
Cuba,CUB,2021,220.28078
Cuba,CUB,2022,207.05577
Cyprus,CYP,1990,266.37744
Cyprus,CYP,1991,262.84497
Cyprus,CYP,1992,308.51096
Cyprus,CYP,1993,302.64804
Cyprus,CYP,1994,284.13495
Cyprus,CYP,1995,278.197
Cyprus,CYP,1996,283.9957
Cyprus,CYP,1997,256.24628
Cyprus,CYP,1998,262.42355
Cyprus,CYP,1999,257.72226
Cyprus,CYP,2000,232.14905
Cyprus,CYP,2001,248.92934
Cyprus,CYP,2002,264.91605
Cyprus,CYP,2003,250.10004
Cyprus,CYP,2004,235.78534
Cyprus,CYP,2005,212.32324
Cyprus,CYP,2006,208.64471
Cyprus,CYP,2007,195.76276
Cyprus,CYP,2008,183.31319
Cyprus,CYP,2009,189.29543
Cyprus,CYP,2010,203.93217
Cyprus,CYP,2011,191.88953
Cyprus,CYP,2012,188.7759
Cyprus,CYP,2013,168.93333
Cyprus,CYP,2014,158.0954
Cyprus,CYP,2015,164.0011
Cyprus,CYP,2016,161.6666
Cyprus,CYP,2017,167.42752
Cyprus,CYP,2018,165.25764
Cyprus,CYP,2019,163.21213
Cyprus,CYP,2020,168.93837
Cyprus,CYP,2021,167.00688
Cyprus,CYP,2022,157.73155
Czechia,CZE,1990,503.78622
Czechia,CZE,1991,378.47836
Czechia,CZE,1992,348.12292
Czechia,CZE,1993,316.84805
Czechia,CZE,1994,315.8201
Czechia,CZE,1995,304.4984
Czechia,CZE,1996,320.50845
Czechia,CZE,1997,297.66394
Czechia,CZE,1998,285.424
Czechia,CZE,1999,279.96216
Czechia,CZE,2000,299.89813
Czechia,CZE,2001,330.33807
Czechia,CZE,2002,255.87251
Czechia,CZE,2003,260.5156
Czechia,CZE,2004,266.0442
Czechia,CZE,2005,260.69647
Czechia,CZE,2006,257.1669
Czechia,CZE,2007,267.95544
Czechia,CZE,2008,263.04892
Czechia,CZE,2009,255.2542
Czechia,CZE,2010,254.20406
Czechia,CZE,2011,262.96964
Czechia,CZE,2012,300.7422
Czechia,CZE,2013,302.5355
Czechia,CZE,2014,308.0661
Czechia,CZE,2015,343.01184
Czechia,CZE,2016,348.46362
Czechia,CZE,2017,321.5909
Czechia,CZE,2018,309.98392
Czechia,CZE,2019,302.2301
Czechia,CZE,2020,279.61743
Czechia,CZE,2021,292.47864
Czechia,CZE,2022,297.94208
Democratic Republic of Congo,COD,1990,309.12604
Democratic Republic of Congo,COD,1991,297.159
Democratic Republic of Congo,COD,1992,288.0529
Democratic Republic of Congo,COD,1993,277.4475
Democratic Republic of Congo,COD,1994,264.3872
Democratic Republic of Congo,COD,1995,252.28589
Democratic Republic of Congo,COD,1996,193.39403
Democratic Republic of Congo,COD,1997,185.53156
Democratic Republic of Congo,COD,1998,189.86165
Democratic Republic of Congo,COD,1999,166.8269
Democratic Republic of Congo,COD,2000,158.19449
Democratic Republic of Congo,COD,2001,164.38835
Democratic Republic of Congo,COD,2002,202.41661
Democratic Republic of Congo,COD,2003,215.92273
Democratic Republic of Congo,COD,2004,224.92119
Democratic Republic of Congo,COD,2005,213.0131
Democratic Republic of Congo,COD,2006,211.6606
Democratic Republic of Congo,COD,2007,180.38422
Democratic Republic of Congo,COD,2008,184.49881
Democratic Republic of Congo,COD,2009,177.52806
Democratic Republic of Congo,COD,2010,179.39696
Democratic Republic of Congo,COD,2011,162.73976
Democratic Republic of Congo,COD,2012,153.3009
Democratic Republic of Congo,COD,2013,157.27794
Democratic Republic of Congo,COD,2014,147.57042
Democratic Republic of Congo,COD,2015,148.70021
Democratic Republic of Congo,COD,2016,144.0033
Democratic Republic of Congo,COD,2017,142.50706
Democratic Republic of Congo,COD,2018,130.15332
Democratic Republic of Congo,COD,2019,129.53555
Democratic Republic of Congo,COD,2020,127.09657
Democratic Republic of Congo,COD,2021,125.064384
Democratic Republic of Congo,COD,2022,123.5388
Denmark,DNK,1990,1013.4168
Denmark,DNK,1991,983.636
Denmark,DNK,1992,922.3858
Denmark,DNK,1993,930.8801
Denmark,DNK,1994,906.6134
Denmark,DNK,1995,890.4406
Denmark,DNK,1996,881.6145
Denmark,DNK,1997,874.1654
Denmark,DNK,1998,852.1448
Denmark,DNK,1999,811.7533
Denmark,DNK,2000,805.2949
Denmark,DNK,2001,789.3522
Denmark,DNK,2002,764.5137
Denmark,DNK,2003,764.2904
Denmark,DNK,2004,730.85974
Denmark,DNK,2005,726.9976
Denmark,DNK,2006,722.7686
Denmark,DNK,2007,725.0617
Denmark,DNK,2008,740.8403
Denmark,DNK,2009,711.54803
Denmark,DNK,2010,702.97314
Denmark,DNK,2011,700.073
Denmark,DNK,2012,706.3775
Denmark,DNK,2013,685.62274
Denmark,DNK,2014,712.2867
Denmark,DNK,2015,731.91785
Denmark,DNK,2016,731.4694
Denmark,DNK,2017,731.9826
Denmark,DNK,2018,686.93835
Denmark,DNK,2019,710.2788
Denmark,DNK,2020,723.65234
Denmark,DNK,2021,677.8476
Denmark,DNK,2022,653.9158
Djibouti,DJI,1990,293.33408
Djibouti,DJI,1991,269.37265
Djibouti,DJI,1992,271.55856
Djibouti,DJI,1993,293.04175
Djibouti,DJI,1994,287.211
Djibouti,DJI,1995,315.91833
Djibouti,DJI,1996,308.47345
Djibouti,DJI,1997,312.58093
Djibouti,DJI,1998,300.27667
Djibouti,DJI,1999,303.77173
Djibouti,DJI,2000,294.3829
Djibouti,DJI,2001,285.22867
Djibouti,DJI,2002,276.5292
Djibouti,DJI,2003,270.42706
Djibouti,DJI,2004,266.30093
Djibouti,DJI,2005,262.16257
Djibouti,DJI,2006,257.0793
Djibouti,DJI,2007,251.56369
Djibouti,DJI,2008,246.4326
Djibouti,DJI,2009,241.35403
Djibouti,DJI,2010,236.49506
Djibouti,DJI,2011,231.92928
Djibouti,DJI,2012,227.56564
Djibouti,DJI,2013,223.38812
Djibouti,DJI,2014,219.40323
Djibouti,DJI,2015,215.61948
Djibouti,DJI,2016,212.01549
Djibouti,DJI,2017,208.56165
Djibouti,DJI,2018,214.57506
Djibouti,DJI,2019,202.07402
Djibouti,DJI,2020,199.06026
Djibouti,DJI,2021,196.20941
Djibouti,DJI,2022,193.47446
Dominica,DMA,1990,287.17477
Dominica,DMA,1991,288.51285
Dominica,DMA,1992,288.41718
Dominica,DMA,1993,287.9645
Dominica,DMA,1994,287.79877
Dominica,DMA,1995,143.9056
Dominica,DMA,1996,144.04655
Dominica,DMA,1997,144.26892
Dominica,DMA,1998,144.6257
Dominica,DMA,1999,145.17369
Dominica,DMA,2000,145.92787
Dominica,DMA,2001,146.41502
Dominica,DMA,2002,146.2309
Dominica,DMA,2003,145.87466
Dominica,DMA,2004,145.63672
Dominica,DMA,2005,145.45454
Dominica,DMA,2006,145.30026
Dominica,DMA,2007,145.21797
Dominica,DMA,2008,145.20953
Dominica,DMA,2009,145.18213
Dominica,DMA,2010,145.19688
Dominica,DMA,2011,144.77437
Dominica,DMA,2012,144.63826
Dominica,DMA,2013,143.40413
Dominica,DMA,2014,142.07169
Dominica,DMA,2015,141.98697
Dominica,DMA,2016,143.62244
Dominica,DMA,2017,145.95557
Dominica,DMA,2018,146.63832
Dominica,DMA,2019,147.27324
Dominica,DMA,2020,147.95526
Dominica,DMA,2021,148.76082
Dominica,DMA,2022,149.59534
Dominican Republic,DOM,1990,216.7479
Dominican Republic,DOM,1991,228.77185
Dominican Republic,DOM,1992,217.52336
Dominican Republic,DOM,1993,214.62712
Dominican Republic,DOM,1994,214.42336
Dominican Republic,DOM,1995,212.9785
Dominican Republic,DOM,1996,219.09909
Dominican Republic,DOM,1997,221.43161
Dominican Republic,DOM,1998,214.19025
Dominican Republic,DOM,1999,188.25018
Dominican Republic,DOM,2000,178.23451
Dominican Republic,DOM,2001,189.21396
Dominican Republic,DOM,2002,214.63516
Dominican Republic,DOM,2003,201.54497
Dominican Republic,DOM,2004,218.56389
Dominican Republic,DOM,2005,215.71735
Dominican Republic,DOM,2006,226.95187
Dominican Republic,DOM,2007,241.12534
Dominican Republic,DOM,2008,235.03273
Dominican Republic,DOM,2009,237.22908
Dominican Republic,DOM,2010,245.41302
Dominican Republic,DOM,2011,238.29578
Dominican Republic,DOM,2012,227.39891
Dominican Republic,DOM,2013,226.60748
Dominican Republic,DOM,2014,227.812
Dominican Republic,DOM,2015,235.74902
Dominican Republic,DOM,2016,237.88245
Dominican Republic,DOM,2017,241.87093
Dominican Republic,DOM,2018,271.74802
Dominican Republic,DOM,2019,265.2826
Dominican Republic,DOM,2020,268.88806
Dominican Republic,DOM,2021,266.1038
Dominican Republic,DOM,2022,267.1241
East Timor,TLS,1990,131.51872
East Timor,TLS,1991,141.33621
East Timor,TLS,1992,137.61646
East Timor,TLS,1993,146.08403
East Timor,TLS,1994,177.61969
East Timor,TLS,1995,172.7808
East Timor,TLS,1996,168.10698
East Timor,TLS,1997,174.44604
East Timor,TLS,1998,180.36427
East Timor,TLS,1999,167.72513
East Timor,TLS,2000,201.31662
East Timor,TLS,2001,221.60583
East Timor,TLS,2002,204.73857
East Timor,TLS,2003,185.4122
East Timor,TLS,2004,182.97652
East Timor,TLS,2005,189.81136
East Timor,TLS,2006,184.31104
East Timor,TLS,2007,179.12267
East Timor,TLS,2008,184.03166
East Timor,TLS,2009,179.45131
East Timor,TLS,2010,165.94635
East Timor,TLS,2011,171.13849
East Timor,TLS,2012,176.22838
East Timor,TLS,2013,172.60768
East Timor,TLS,2014,177.67804
East Timor,TLS,2015,190.85031
East Timor,TLS,2016,187.24854
East Timor,TLS,2017,175.75941
East Timor,TLS,2018,180.25615
East Timor,TLS,2019,192.16785
East Timor,TLS,2020,173.44733
East Timor,TLS,2021,162.94582
East Timor,TLS,2022,167.96916
Ecuador,ECU,1990,284.5229
Ecuador,ECU,1991,288.7209
Ecuador,ECU,1992,295.51346
Ecuador,ECU,1993,299.43655
Ecuador,ECU,1994,302.49213
Ecuador,ECU,1995,301.97095
Ecuador,ECU,1996,313.26852
Ecuador,ECU,1997,334.13324
Ecuador,ECU,1998,313.439
Ecuador,ECU,1999,284.66498
Ecuador,ECU,2000,260.85144
Ecuador,ECU,2001,340.02707
Ecuador,ECU,2002,298.3604
Ecuador,ECU,2003,286.41287
Ecuador,ECU,2004,292.45996
Ecuador,ECU,2005,271.5554
Ecuador,ECU,2006,271.8985
Ecuador,ECU,2007,249.14886
Ecuador,ECU,2008,268.2639
Ecuador,ECU,2009,276.54196
Ecuador,ECU,2010,284.54507
Ecuador,ECU,2011,282.52216
Ecuador,ECU,2012,269.06934
Ecuador,ECU,2013,261.90707
Ecuador,ECU,2014,252.57051
Ecuador,ECU,2015,221.31743
Ecuador,ECU,2016,231.44302
Ecuador,ECU,2017,229.72025
Ecuador,ECU,2018,228.15863
Ecuador,ECU,2019,227.79678
Ecuador,ECU,2020,226.26164
Ecuador,ECU,2021,219.9921
Ecuador,ECU,2022,198.04869
Egypt,EGY,1990,144.01517
Egypt,EGY,1991,150.09412
Egypt,EGY,1992,146.06218
Egypt,EGY,1993,153.85672
Egypt,EGY,1994,138.75581
Egypt,EGY,1995,159.01878
Egypt,EGY,1996,160.67902
Egypt,EGY,1997,152.85306
Egypt,EGY,1998,156.12646
Egypt,EGY,1999,154.22054
Egypt,EGY,2000,160.22815
Egypt,EGY,2001,160.20996
Egypt,EGY,2002,164.87593
Egypt,EGY,2003,166.08107
Egypt,EGY,2004,175.5215
Egypt,EGY,2005,169.91156
Egypt,EGY,2006,163.23984
Egypt,EGY,2007,154.84795
Egypt,EGY,2008,154.42885
Egypt,EGY,2009,150.39719
Egypt,EGY,2010,143.6162
Egypt,EGY,2011,146.33386
Egypt,EGY,2012,139.00667
Egypt,EGY,2013,136.46822
Egypt,EGY,2014,134.42203
Egypt,EGY,2015,136.75064
Egypt,EGY,2016,137.14455
Egypt,EGY,2017,132.69551
Egypt,EGY,2018,127.930855
Egypt,EGY,2019,106.92387
Egypt,EGY,2020,110.1403
Egypt,EGY,2021,110.49325
Egypt,EGY,2022,110.63926
El Salvador,SLV,1990,177.78673
El Salvador,SLV,1991,178.34132
El Salvador,SLV,1992,177.24113
El Salvador,SLV,1993,169.61253
El Salvador,SLV,1994,162.75421
El Salvador,SLV,1995,147.51477
El Salvador,SLV,1996,175.70193
El Salvador,SLV,1997,176.2317
El Salvador,SLV,1998,153.04076
El Salvador,SLV,1999,160.63828
El Salvador,SLV,2000,148.06432
El Salvador,SLV,2001,157.50517
El Salvador,SLV,2002,152.00542
El Salvador,SLV,2003,150.03508
El Salvador,SLV,2004,163.20622
El Salvador,SLV,2005,183.1629
El Salvador,SLV,2006,174.93233
El Salvador,SLV,2007,189.68954
El Salvador,SLV,2008,200.68658
El Salvador,SLV,2009,186.82985
El Salvador,SLV,2010,187.86296
El Salvador,SLV,2011,180.62018
El Salvador,SLV,2012,176.64444
El Salvador,SLV,2013,156.38121
El Salvador,SLV,2014,146.0339
El Salvador,SLV,2015,150.396
El Salvador,SLV,2016,137.07892
El Salvador,SLV,2017,122.31357
El Salvador,SLV,2018,130.2292
El Salvador,SLV,2019,102.85559
El Salvador,SLV,2020,120.29488
El Salvador,SLV,2021,132.67729
El Salvador,SLV,2022,101.9057
Equatorial Guinea,GNQ,1990,21.08419
Equatorial Guinea,GNQ,1991,20.316118
Equatorial Guinea,GNQ,1992,19.578093
Equatorial Guinea,GNQ,1993,18.866856
Equatorial Guinea,GNQ,1994,18.176926
Equatorial Guinea,GNQ,1995,17.504734
Equatorial Guinea,GNQ,1996,16.849314
Equatorial Guinea,GNQ,1997,16.210161
Equatorial Guinea,GNQ,1998,15.588999
Equatorial Guinea,GNQ,1999,14.987515
Equatorial Guinea,GNQ,2000,14.2189455
Equatorial Guinea,GNQ,2001,13.336249
Equatorial Guinea,GNQ,2002,12.531831
Equatorial Guinea,GNQ,2003,11.794302
Equatorial Guinea,GNQ,2004,11.112049
Equatorial Guinea,GNQ,2005,10.555538
Equatorial Guinea,GNQ,2006,10.09745
Equatorial Guinea,GNQ,2007,9.652016
Equatorial Guinea,GNQ,2008,9.220516
Equatorial Guinea,GNQ,2009,8.805274
Equatorial Guinea,GNQ,2010,8.409742
Equatorial Guinea,GNQ,2011,8.052547
Equatorial Guinea,GNQ,2012,7.731052
Equatorial Guinea,GNQ,2013,7.4282064
Equatorial Guinea,GNQ,2014,7.1437297
Equatorial Guinea,GNQ,2015,6.8779335
Equatorial Guinea,GNQ,2016,6.6304555
Equatorial Guinea,GNQ,2017,6.4004054
Equatorial Guinea,GNQ,2018,6.1864915
Equatorial Guinea,GNQ,2019,5.9873643
Equatorial Guinea,GNQ,2020,5.8258796
Equatorial Guinea,GNQ,2021,5.6857076
Equatorial Guinea,GNQ,2022,5.5446234
Eritrea,ERI,1990,516.5419
Eritrea,ERI,1991,546.99603
Eritrea,ERI,1992,600.417
Eritrea,ERI,1993,468.7457
Eritrea,ERI,1994,470.23932
Eritrea,ERI,1995,449.32214
Eritrea,ERI,1996,498.0117
Eritrea,ERI,1997,571.5226
Eritrea,ERI,1998,600.80084
Eritrea,ERI,1999,605.5717
Eritrea,ERI,2000,623.04297
Eritrea,ERI,2001,544.96313
Eritrea,ERI,2002,514.00323
Eritrea,ERI,2003,509.24133
Eritrea,ERI,2004,492.63205
Eritrea,ERI,2005,496.01407
Eritrea,ERI,2006,469.76123
Eritrea,ERI,2007,495.76666
Eritrea,ERI,2008,479.34708
Eritrea,ERI,2009,467.46982
Eritrea,ERI,2010,448.18933
Eritrea,ERI,2011,460.2312
Eritrea,ERI,2012,454.3961
Eritrea,ERI,2013,452.12558
Eritrea,ERI,2014,452.31793
Eritrea,ERI,2015,454.02527
Eritrea,ERI,2016,454.4436
Eritrea,ERI,2017,450.74356
Eritrea,ERI,2018,454.1521
Eritrea,ERI,2019,447.5041
Eritrea,ERI,2020,443.59683
Eritrea,ERI,2021,432.81192
Eritrea,ERI,2022,428.22156
Estonia,EST,1990,1152.6394
Estonia,EST,1991,1085.9983
Estonia,EST,1992,980.38324
Estonia,EST,1993,930.6382
Estonia,EST,1994,867.37555
Estonia,EST,1995,846.6561
Estonia,EST,1996,829.4678
Estonia,EST,1997,837.14746
Estonia,EST,1998,871.595
Estonia,EST,1999,890.58105
Estonia,EST,2000,916.2484
Estonia,EST,2001,900.4635
Estonia,EST,2002,906.16614
Estonia,EST,2003,933.7279
Estonia,EST,2004,954.001
Estonia,EST,2005,952.137
Estonia,EST,2006,965.19
Estonia,EST,2007,992.01245
Estonia,EST,2008,1039.5803
Estonia,EST,2009,1004.10034
Estonia,EST,2010,1013.9322
Estonia,EST,2011,1032.1193
Estonia,EST,2012,1058.509
Estonia,EST,2013,1069.8677
Estonia,EST,2014,1095.5094
Estonia,EST,2015,1118.2279
Estonia,EST,2016,1071.5507
Estonia,EST,2017,1093.0372
Estonia,EST,2018,1081.7173
Estonia,EST,2019,1115.4473
Estonia,EST,2020,1113.054
Estonia,EST,2021,1118.8286
Estonia,EST,2022,1096.2208
Eswatini,SWZ,1990,481.41064
Eswatini,SWZ,1991,462.45676
Eswatini,SWZ,1992,466.38528
Eswatini,SWZ,1993,380.92218
Eswatini,SWZ,1994,370.66745
Eswatini,SWZ,1995,381.27075
Eswatini,SWZ,1996,373.79514
Eswatini,SWZ,1997,357.6229
Eswatini,SWZ,1998,353.0599
Eswatini,SWZ,1999,329.8457
Eswatini,SWZ,2000,326.4748
Eswatini,SWZ,2001,294.93866
Eswatini,SWZ,2002,330.35822
Eswatini,SWZ,2003,337.48758
Eswatini,SWZ,2004,335.45477
Eswatini,SWZ,2005,342.9031
Eswatini,SWZ,2006,322.7466
Eswatini,SWZ,2007,348.39597
Eswatini,SWZ,2008,336.94626
Eswatini,SWZ,2009,316.6968
Eswatini,SWZ,2010,341.8339
Eswatini,SWZ,2011,339.9398
Eswatini,SWZ,2012,347.0152
Eswatini,SWZ,2013,336.28317
Eswatini,SWZ,2014,334.41727
Eswatini,SWZ,2015,315.0097
Eswatini,SWZ,2016,304.47595
Eswatini,SWZ,2017,319.4618
Eswatini,SWZ,2018,307.97318
Eswatini,SWZ,2019,330.54068
Eswatini,SWZ,2020,310.21167
Eswatini,SWZ,2021,314.93506
Eswatini,SWZ,2022,311.75113
Ethiopia,ETH,1990,402.22845
Ethiopia,ETH,1991,384.37402
Ethiopia,ETH,1992,377.02185
Ethiopia,ETH,1993,321.54825
Ethiopia,ETH,1994,314.5032
Ethiopia,ETH,1995,306.23593
Ethiopia,ETH,1996,315.12936
Ethiopia,ETH,1997,312.02905
Ethiopia,ETH,1998,332.5257
Ethiopia,ETH,1999,319.3903
Ethiopia,ETH,2000,291.34497
Ethiopia,ETH,2001,292.28165
Ethiopia,ETH,2002,326.0952
Ethiopia,ETH,2003,301.08624
Ethiopia,ETH,2004,302.85022
Ethiopia,ETH,2005,309.6948
Ethiopia,ETH,2006,316.4671
Ethiopia,ETH,2007,344.8723
Ethiopia,ETH,2008,344.7362
Ethiopia,ETH,2009,350.765
Ethiopia,ETH,2010,357.0856
Ethiopia,ETH,2011,340.95554
Ethiopia,ETH,2012,350.42203
Ethiopia,ETH,2013,347.01782
Ethiopia,ETH,2014,351.37994
Ethiopia,ETH,2015,350.8328
Ethiopia,ETH,2016,354.67252
Ethiopia,ETH,2017,351.8851
Ethiopia,ETH,2018,342.52243
Ethiopia,ETH,2019,364.35934
Ethiopia,ETH,2020,378.66534
Ethiopia,ETH,2021,350.25784
Ethiopia,ETH,2022,343.9825
Europe,,1990,502.25967
Europe,,1991,473.75317
Europe,,1992,442.98575
Europe,,1993,426.59076
Europe,,1994,410.85532
Europe,,1995,399.18652
Europe,,1996,397.11493
Europe,,1997,390.50308
Europe,,1998,381.6545
Europe,,1999,375.52454
Europe,,2000,368.90543
Europe,,2001,369.8061
Europe,,2002,367.2105
Europe,,2003,364.7144
Europe,,2004,361.9642
Europe,,2005,353.9212
Europe,,2006,350.7565
Europe,,2007,356.41425
Europe,,2008,359.89523
Europe,,2009,348.2492
Europe,,2010,348.69873
Europe,,2011,351.25128
Europe,,2012,349.4001
Europe,,2013,355.28424
Europe,,2014,361.2907
Europe,,2015,359.8109
Europe,,2016,361.66867
Europe,,2017,364.84485
Europe,,2018,357.0162
Europe,,2019,360.02493
Europe,,2020,362.21875
Europe,,2021,360.5578
Europe,,2022,341.11337
European Union (27),,1990,467.19324
European Union (27),,1991,441.60306
European Union (27),,1992,414.31796
European Union (27),,1993,406.76273
European Union (27),,1994,405.8195
European Union (27),,1995,400.1429
European Union (27),,1996,408.98026
European Union (27),,1997,407.94403
European Union (27),,1998,406.93256
European Union (27),,1999,404.82095
European Union (27),,2000,395.7885
European Union (27),,2001,391.43372
European Union (27),,2002,388.1686
European Union (27),,2003,385.68878
European Union (27),,2004,386.85294
European Union (27),,2005,375.27863
European Union (27),,2006,370.4527
European Union (27),,2007,378.01392
European Union (27),,2008,369.56027
European Union (27),,2009,357.77414
European Union (27),,2010,363.0203
European Union (27),,2011,357.91904
European Union (27),,2012,358.73364
European Union (27),,2013,364.96432
European Union (27),,2014,370.00687
European Union (27),,2015,372.6198
European Union (27),,2016,370.02866
European Union (27),,2017,372.51782
European Union (27),,2018,361.13925
European Union (27),,2019,361.15585
European Union (27),,2020,358.03494
European Union (27),,2021,353.692
European Union (27),,2022,328.09082
Fiji,FJI,1990,362.07288
Fiji,FJI,1991,359.12814
Fiji,FJI,1992,356.5294
Fiji,FJI,1993,379.56427
Fiji,FJI,1994,390.04553
Fiji,FJI,1995,413.14557
Fiji,FJI,1996,410.55603
Fiji,FJI,1997,406.3314
Fiji,FJI,1998,389.17178
Fiji,FJI,1999,360.64847
Fiji,FJI,2000,332.97144
Fiji,FJI,2001,353.10486
Fiji,FJI,2002,361.28137
Fiji,FJI,2003,311.67142
Fiji,FJI,2004,343.10458
Fiji,FJI,2005,328.6551
Fiji,FJI,2006,314.476
Fiji,FJI,2007,311.85852
Fiji,FJI,2008,332.07773
Fiji,FJI,2009,297.6033
Fiji,FJI,2010,296.56415
Fiji,FJI,2011,306.6843
Fiji,FJI,2012,306.0377
Fiji,FJI,2013,305.5571
Fiji,FJI,2014,141.67563
Fiji,FJI,2015,152.40833
Fiji,FJI,2016,141.4324
Fiji,FJI,2017,163.26318
Fiji,FJI,2018,152.64096
Fiji,FJI,2019,185.81145
Fiji,FJI,2020,174.86893
Fiji,FJI,2021,130.90176
Fiji,FJI,2022,141.39226
Finland,FIN,1990,866.3259
Finland,FIN,1991,799.77844
Finland,FIN,1992,789.3466
Finland,FIN,1993,787.5113
Finland,FIN,1994,795.91956
Finland,FIN,1995,788.97107
Finland,FIN,1996,780.5312
Finland,FIN,1997,784.05786
Finland,FIN,1998,770.3435
Finland,FIN,1999,778.23785
Finland,FIN,2000,790.15546
Finland,FIN,2001,782.5797
Finland,FIN,2002,782.60986
Finland,FIN,2003,778.8284
Finland,FIN,2004,778.4785
Finland,FIN,2005,775.8177
Finland,FIN,2006,769.0485
Finland,FIN,2007,769.5632
Finland,FIN,2008,782.92926
Finland,FIN,2009,752.9706
Finland,FIN,2010,762.58356
Finland,FIN,2011,749.78156
Finland,FIN,2012,748.06366
Finland,FIN,2013,748.2915
Finland,FIN,2014,758.0077
Finland,FIN,2015,746.3887
Finland,FIN,2016,742.42993
Finland,FIN,2017,740.6872
Finland,FIN,2018,743.3286
Finland,FIN,2019,771.494
Finland,FIN,2020,759.5464
Finland,FIN,2021,757.97644
Finland,FIN,2022,721.8142
France,FRA,1990,573.08057
France,FRA,1991,577.42444
France,FRA,1992,530.10284
France,FRA,1993,527.32416
France,FRA,1994,533.1047
France,FRA,1995,540.27856
France,FRA,1996,559.2608
France,FRA,1997,554.3921
France,FRA,1998,554.1112
France,FRA,1999,554.29364
France,FRA,2000,536.9537
France,FRA,2001,534.8457
France,FRA,2002,515.85315
France,FRA,2003,508.38705
France,FRA,2004,509.1929
France,FRA,2005,487.62653
France,FRA,2006,481.06497
France,FRA,2007,495.41556
France,FRA,2008,475.62778
France,FRA,2009,453.04395
France,FRA,2010,459.18024
France,FRA,2011,441.83792
France,FRA,2012,448.96487
France,FRA,2013,459.09363
France,FRA,2014,460.64075
France,FRA,2015,468.29504
France,FRA,2016,445.71213
France,FRA,2017,466.26492
France,FRA,2018,442.46344
France,FRA,2019,432.37842
France,FRA,2020,422.121
France,FRA,2021,415.23196
France,FRA,2022,383.38852
Gabon,GAB,1990,193.14046
Gabon,GAB,1991,197.85898
Gabon,GAB,1992,192.60661
Gabon,GAB,1993,196.9235
Gabon,GAB,1994,182.69446
Gabon,GAB,1995,178.06078
Gabon,GAB,1996,130.2063
Gabon,GAB,1997,143.89159
Gabon,GAB,1998,140.29366
Gabon,GAB,1999,144.80827
Gabon,GAB,2000,125.43333
Gabon,GAB,2001,122.17527
Gabon,GAB,2002,133.81488
Gabon,GAB,2003,144.68074
Gabon,GAB,2004,168.82149
Gabon,GAB,2005,143.49133
Gabon,GAB,2006,159.11552
Gabon,GAB,2007,147.79193
Gabon,GAB,2008,167.99591
Gabon,GAB,2009,126.38671
Gabon,GAB,2010,127.91568
Gabon,GAB,2011,145.90454
Gabon,GAB,2012,140.77696
Gabon,GAB,2013,141.13507
Gabon,GAB,2014,116.25556
Gabon,GAB,2015,122.48958
Gabon,GAB,2016,128.55246
Gabon,GAB,2017,139.08838
Gabon,GAB,2018,113.00354
Gabon,GAB,2019,132.29199
Gabon,GAB,2020,103.33523
Gabon,GAB,2021,96.77166
Gabon,GAB,2022,135.76057
Gambia,GMB,1990,218.07088
Gambia,GMB,1991,227.28099
Gambia,GMB,1992,209.5003
Gambia,GMB,1993,210.37184
Gambia,GMB,1994,203.7103
Gambia,GMB,1995,197.73476
Gambia,GMB,1996,207.46555
Gambia,GMB,1997,186.72072
Gambia,GMB,1998,196.0793
Gambia,GMB,1999,176.58035
Gambia,GMB,2000,185.5549
Gambia,GMB,2001,153.8438
Gambia,GMB,2002,156.28052
Gambia,GMB,2003,164.80531
Gambia,GMB,2004,172.69997
Gambia,GMB,2005,173.96155
Gambia,GMB,2006,180.72798
Gambia,GMB,2007,169.89679
Gambia,GMB,2008,165.02931
Gambia,GMB,2009,176.33594
Gambia,GMB,2010,171.28319
Gambia,GMB,2011,156.26694
Gambia,GMB,2012,132.15233
Gambia,GMB,2013,137.84416
Gambia,GMB,2014,138.5979
Gambia,GMB,2015,134.85995
Gambia,GMB,2016,131.36145
Gambia,GMB,2017,115.27668
Gambia,GMB,2018,108.3499
Gambia,GMB,2019,97.68618
Gambia,GMB,2020,99.37418
Gambia,GMB,2021,93.16716
Gambia,GMB,2022,87.23779
Georgia,GEO,1990,251.42851
Georgia,GEO,1991,239.79883
Georgia,GEO,1992,234.2192
Georgia,GEO,1993,204.68124
Georgia,GEO,1994,178.34966
Georgia,GEO,1995,180.68344
Georgia,GEO,1996,193.23575
Georgia,GEO,1997,206.58698
Georgia,GEO,1998,211.95482
Georgia,GEO,1999,237.90387
Georgia,GEO,2000,251.82744
Georgia,GEO,2001,244.67644
Georgia,GEO,2002,249.52432
Georgia,GEO,2003,244.76874
Georgia,GEO,2004,246.5437
Georgia,GEO,2005,265.76358
Georgia,GEO,2006,242.70728
Georgia,GEO,2007,224.31741
Georgia,GEO,2008,210.59618
Georgia,GEO,2009,209.24052
Georgia,GEO,2010,213.04272
Georgia,GEO,2011,214.54102
Georgia,GEO,2012,237.02806
Georgia,GEO,2013,254.65146
Georgia,GEO,2014,253.10307
Georgia,GEO,2015,218.90668
Georgia,GEO,2016,221.51541
Georgia,GEO,2017,208.2861
Georgia,GEO,2018,202.9049
Georgia,GEO,2019,194.90497
Georgia,GEO,2020,205.49677
Georgia,GEO,2021,216.44736
Georgia,GEO,2022,210.8158
Germany,DEU,1990,403.0965
Germany,DEU,1991,383.29736
Germany,DEU,1992,356.21222
Germany,DEU,1993,344.59583
Germany,DEU,1994,353.78162
Germany,DEU,1995,353.207
Germany,DEU,1996,351.31143
Germany,DEU,1997,354.17078
Germany,DEU,1998,359.45987
Germany,DEU,1999,367.17227
Germany,DEU,2000,353.06808
Germany,DEU,2001,350.28244
Germany,DEU,2002,343.49426
Germany,DEU,2003,340.39032
Germany,DEU,2004,340.71234
Germany,DEU,2005,338.1
Germany,DEU,2006,323.1256
Germany,DEU,2007,337.52142
Germany,DEU,2008,328.80957
Germany,DEU,2009,330.2639
Germany,DEU,2010,340.09265
Germany,DEU,2011,327.98288
Germany,DEU,2012,330.46457
Germany,DEU,2013,335.87695
Germany,DEU,2014,346.41632
Germany,DEU,2015,333.83063
Germany,DEU,2016,324.31085
Germany,DEU,2017,311.5373
Germany,DEU,2018,292.55652
Germany,DEU,2019,295.59888
Germany,DEU,2020,285.18915
Germany,DEU,2021,269.54346
Germany,DEU,2022,261.16046
Ghana,GHA,1990,176.68475
Ghana,GHA,1991,176.72214
Ghana,GHA,1992,170.52971
Ghana,GHA,1993,167.57567
Ghana,GHA,1994,162.418
Ghana,GHA,1995,160.35384
Ghana,GHA,1996,175.18066
Ghana,GHA,1997,173.2555
Ghana,GHA,1998,195.84718
Ghana,GHA,1999,162.92534
Ghana,GHA,2000,187.40053
Ghana,GHA,2001,144.29462
Ghana,GHA,2002,136.52112
Ghana,GHA,2003,149.31885
Ghana,GHA,2004,133.52663
Ghana,GHA,2005,166.1511
Ghana,GHA,2006,157.9813
Ghana,GHA,2007,144.65608
Ghana,GHA,2008,141.03125
Ghana,GHA,2009,131.9247
Ghana,GHA,2010,136.99706
Ghana,GHA,2011,146.38768
Ghana,GHA,2012,138.02507
Ghana,GHA,2013,147.51959
Ghana,GHA,2014,140.14897
Ghana,GHA,2015,143.92215
Ghana,GHA,2016,140.00194
Ghana,GHA,2017,146.6258
Ghana,GHA,2018,138.71848
Ghana,GHA,2019,139.16017
Ghana,GHA,2020,157.11337
Ghana,GHA,2021,136.53699
Ghana,GHA,2022,151.73843
Greece,GRC,1990,472.77893
Greece,GRC,1991,465.719
Greece,GRC,1992,448.84625
Greece,GRC,1993,410.0741
Greece,GRC,1994,420.39825
Greece,GRC,1995,401.16992
Greece,GRC,1996,413.431
Greece,GRC,1997,394.45218
Greece,GRC,1998,384.9969
Greece,GRC,1999,381.247
Greece,GRC,2000,380.2409
Greece,GRC,2001,364.28476
Greece,GRC,2002,358.11728
Greece,GRC,2003,351.69772
Greece,GRC,2004,358.0769
Greece,GRC,2005,338.75647
Greece,GRC,2006,327.70197
Greece,GRC,2007,344.0241
Greece,GRC,2008,325.9042
Greece,GRC,2009,307.88437
Greece,GRC,2010,325.403
Greece,GRC,2011,307.86298
Greece,GRC,2012,305.02454
Greece,GRC,2013,310.0059
Greece,GRC,2014,301.10614
Greece,GRC,2015,289.255
Greece,GRC,2016,291.40164
Greece,GRC,2017,296.64673
Greece,GRC,2018,281.43167
Greece,GRC,2019,285.48553
Greece,GRC,2020,286.93277
Greece,GRC,2021,294.90826
Greece,GRC,2022,270.82883
Grenada,GRD,1990,100.02701
Grenada,GRD,1991,99.20044
Grenada,GRD,1992,0
Grenada,GRD,1993,0
Grenada,GRD,1994,96.94619
Grenada,GRD,1995,96.25565
Grenada,GRD,1996,95.6032
Grenada,GRD,1997,0
Grenada,GRD,1998,0
Grenada,GRD,1999,93.682076
Grenada,GRD,2000,0
Grenada,GRD,2001,0
Grenada,GRD,2002,92.239006
Grenada,GRD,2003,91.83158
Grenada,GRD,2004,0
Grenada,GRD,2005,0
Grenada,GRD,2006,90.78612
Grenada,GRD,2007,90.471535
Grenada,GRD,2008,90.162384
Grenada,GRD,2009,89.87471
Grenada,GRD,2010,89.605736
Grenada,GRD,2011,89.21163
Grenada,GRD,2012,88.65877
Grenada,GRD,2013,88.1065
Grenada,GRD,2014,87.60556
Grenada,GRD,2015,87.190796
Grenada,GRD,2016,86.84551
Grenada,GRD,2017,86.61908
Grenada,GRD,2018,86.42818
Grenada,GRD,2019,86.21061
Grenada,GRD,2020,85.94535
Grenada,GRD,2021,85.69274
Grenada,GRD,2022,85.52271
Guatemala,GTM,1990,191.69453
Guatemala,GTM,1991,200.59116
Guatemala,GTM,1992,204.78322
Guatemala,GTM,1993,211.66164
Guatemala,GTM,1994,205.10342
Guatemala,GTM,1995,202.65685
Guatemala,GTM,1996,193.69722
Guatemala,GTM,1997,193.41016
Guatemala,GTM,1998,184.03563
Guatemala,GTM,1999,193.46971
Guatemala,GTM,2000,191.4924
Guatemala,GTM,2001,192.1563
Guatemala,GTM,2002,186.1692
Guatemala,GTM,2003,200.38571
Guatemala,GTM,2004,201.44589
Guatemala,GTM,2005,208.59381
Guatemala,GTM,2006,203.47928
Guatemala,GTM,2007,205.09752
Guatemala,GTM,2008,183.70781
Guatemala,GTM,2009,199.78032
Guatemala,GTM,2010,207.58452
Guatemala,GTM,2011,217.00739
Guatemala,GTM,2012,216.70499
Guatemala,GTM,2013,214.46204
Guatemala,GTM,2014,206.60992
Guatemala,GTM,2015,212.24983
Guatemala,GTM,2016,208.37482
Guatemala,GTM,2017,208.24075
Guatemala,GTM,2018,210.73642
Guatemala,GTM,2019,202.87886
Guatemala,GTM,2020,217.1993
Guatemala,GTM,2021,208.5387
Guatemala,GTM,2022,194.42088
Guinea,GIN,1990,334.1424
Guinea,GIN,1991,329.9903
Guinea,GIN,1992,328.3018
Guinea,GIN,1993,329.67767
Guinea,GIN,1994,332.194
Guinea,GIN,1995,334.95505
Guinea,GIN,1996,283.139
Guinea,GIN,1997,279.90118
Guinea,GIN,1998,317.99088
Guinea,GIN,1999,283.11743
Guinea,GIN,2000,300.16003
Guinea,GIN,2001,336.06702
Guinea,GIN,2002,381.59702
Guinea,GIN,2003,369.75287
Guinea,GIN,2004,350.88788
Guinea,GIN,2005,403.4245
Guinea,GIN,2006,392.9596
Guinea,GIN,2007,387.0723
Guinea,GIN,2008,394.9946
Guinea,GIN,2009,381.5236
Guinea,GIN,2010,380.91245
Guinea,GIN,2011,398.80594
Guinea,GIN,2012,432.17188
Guinea,GIN,2013,422.62805
Guinea,GIN,2014,413.14673
Guinea,GIN,2015,398.56967
Guinea,GIN,2016,474.61154
Guinea,GIN,2017,442.44687
Guinea,GIN,2018,410.082
Guinea,GIN,2019,431.16843
Guinea,GIN,2020,443.49097
Guinea,GIN,2021,420.84488
Guinea,GIN,2022,459.61847
Guinea-Bissau,GNB,1990,441.62445
Guinea-Bissau,GNB,1991,432.31723
Guinea-Bissau,GNB,1992,429.5344
Guinea-Bissau,GNB,1993,425.0275
Guinea-Bissau,GNB,1994,421.23117
Guinea-Bissau,GNB,1995,419.6616
Guinea-Bissau,GNB,1996,384.76874
Guinea-Bissau,GNB,1997,360.34488
Guinea-Bissau,GNB,1998,353.69077
Guinea-Bissau,GNB,1999,380.09903
Guinea-Bissau,GNB,2000,372.54596
Guinea-Bissau,GNB,2001,467.77838
Guinea-Bissau,GNB,2002,480.87476
Guinea-Bissau,GNB,2003,470.12115
Guinea-Bissau,GNB,2004,437.1766
Guinea-Bissau,GNB,2005,398.09207
Guinea-Bissau,GNB,2006,438.06503
Guinea-Bissau,GNB,2007,413.51108
Guinea-Bissau,GNB,2008,362.88885
Guinea-Bissau,GNB,2009,386.53442
Guinea-Bissau,GNB,2010,395.8242
Guinea-Bissau,GNB,2011,379.33344
Guinea-Bissau,GNB,2012,405.71024
Guinea-Bissau,GNB,2013,371.46664
Guinea-Bissau,GNB,2014,373.32162
Guinea-Bissau,GNB,2015,380.64084
Guinea-Bissau,GNB,2016,354.82324
Guinea-Bissau,GNB,2017,356.9385
Guinea-Bissau,GNB,2018,364.1723
Guinea-Bissau,GNB,2019,350.6625
Guinea-Bissau,GNB,2020,337.7608
Guinea-Bissau,GNB,2021,315.7116
Guinea-Bissau,GNB,2022,322.9583
Guyana,GUY,1990,306.71124
Guyana,GUY,1991,361.02533
Guyana,GUY,1992,360.0389
Guyana,GUY,1993,398.4228
Guyana,GUY,1994,383.68872
Guyana,GUY,1995,435.12946
Guyana,GUY,1996,433.9051
Guyana,GUY,1997,459.16693
Guyana,GUY,1998,445.26163
Guyana,GUY,1999,470.9022
Guyana,GUY,2000,418.39035
Guyana,GUY,2001,431.66373
Guyana,GUY,2002,458.32095
Guyana,GUY,2003,497.96423
Guyana,GUY,2004,563.99066
Guyana,GUY,2005,459.9683
Guyana,GUY,2006,461.14764
Guyana,GUY,2007,462.42834
Guyana,GUY,2008,543.32416
Guyana,GUY,2009,491.95782
Guyana,GUY,2010,547.2073
Guyana,GUY,2011,482.46964
Guyana,GUY,2012,549.3799
Guyana,GUY,2013,586.651
Guyana,GUY,2014,583.3757
Guyana,GUY,2015,645.77094
Guyana,GUY,2016,550.06006
Guyana,GUY,2017,533.5186
Guyana,GUY,2018,593.76196
Guyana,GUY,2019,606.68494
Guyana,GUY,2020,594.43756
Guyana,GUY,2021,576.34485
Guyana,GUY,2022,535.5156
Haiti,HTI,1990,113.794785
Haiti,HTI,1991,120.077965
Haiti,HTI,1992,134.51826
Haiti,HTI,1993,125.03123
Haiti,HTI,1994,122.64522
Haiti,HTI,1995,122.97438
Haiti,HTI,1996,123.25561
Haiti,HTI,1997,131.13829
Haiti,HTI,1998,133.71417
Haiti,HTI,1999,131.2674
Haiti,HTI,2000,144.52345
Haiti,HTI,2001,141.91246
Haiti,HTI,2002,137.08739
Haiti,HTI,2003,134.70453
Haiti,HTI,2004,130.18689
Haiti,HTI,2005,128.01732
Haiti,HTI,2006,126.94528
Haiti,HTI,2007,124.82263
Haiti,HTI,2008,124.8586
Haiti,HTI,2009,121.780235
Haiti,HTI,2010,120.36764
Haiti,HTI,2011,120.02134
Haiti,HTI,2012,120.16164
Haiti,HTI,2013,119.34616
Haiti,HTI,2014,121.46638
Haiti,HTI,2015,117.83433
Haiti,HTI,2016,118.071915
Haiti,HTI,2017,116.47514
Haiti,HTI,2018,110.37756
Haiti,HTI,2019,115.26168
Haiti,HTI,2020,105.83568
Haiti,HTI,2021,104.61914
Haiti,HTI,2022,104.31515
High-income countries,,1990,488.6123
High-income countries,,1991,468.69382
High-income countries,,1992,455.84448
High-income countries,,1993,447.40814
High-income countries,,1994,441.8075
High-income countries,,1995,431.63013
High-income countries,,1996,432.32352
High-income countries,,1997,425.79407
High-income countries,,1998,423.2085
High-income countries,,1999,429.33133
High-income countries,,2000,426.51242
High-income countries,,2001,429.82724
High-income countries,,2002,421.64432
High-income countries,,2003,397.73996
High-income countries,,2004,409.0515
High-income countries,,2005,386.7903
High-income countries,,2006,397.6057
High-income countries,,2007,397.7179
High-income countries,,2008,379.39185
High-income countries,,2009,375.28345
High-income countries,,2010,368.874
High-income countries,,2011,404.9544
High-income countries,,2012,402.7365
High-income countries,,2013,375.74448
High-income countries,,2014,384.60904
High-income countries,,2015,380.05316
High-income countries,,2016,371.4186
High-income countries,,2017,384.12378
High-income countries,,2018,380.2362
High-income countries,,2019,367.71152
High-income countries,,2020,365.46127
High-income countries,,2021,369.8056
High-income countries,,2022,358.39694
Honduras,HND,1990,275.07318
Honduras,HND,1991,275.18655
Honduras,HND,1992,265.5822
Honduras,HND,1993,248.92809
Honduras,HND,1994,233.00635
Honduras,HND,1995,271.79422
Honduras,HND,1996,238.82266
Honduras,HND,1997,258.587
Honduras,HND,1998,255.03511
Honduras,HND,1999,245.2945
Honduras,HND,2000,266.04718
Honduras,HND,2001,244.15536
Honduras,HND,2002,195.99745
Honduras,HND,2003,237.3858
Honduras,HND,2004,202.76743
Honduras,HND,2005,232.67128
Honduras,HND,2006,233.77814
Honduras,HND,2007,224.63861
Honduras,HND,2008,217.15825
Honduras,HND,2009,216.11975
Honduras,HND,2010,216.35497
Honduras,HND,2011,237.68858
Honduras,HND,2012,219.16032
Honduras,HND,2013,222.7403
Honduras,HND,2014,220.6744
Honduras,HND,2015,212.18307
Honduras,HND,2016,224.17284
Honduras,HND,2017,225.27823
Honduras,HND,2018,235.53003
Honduras,HND,2019,210.18466
Honduras,HND,2020,241.11536
Honduras,HND,2021,209.91498
Honduras,HND,2022,206.4244
Hungary,HUN,1990,538.46924
Hungary,HUN,1991,496.23373
Hungary,HUN,1992,380.85223
Hungary,HUN,1993,398.76917
Hungary,HUN,1994,409.09344
Hungary,HUN,1995,398.1481
Hungary,HUN,1996,441.65164
Hungary,HUN,1997,438.77573
Hungary,HUN,1998,429.1964
Hungary,HUN,1999,445.21436
Hungary,HUN,2000,440.60217
Hungary,HUN,2001,470.16275
Hungary,HUN,2002,438.9226
Hungary,HUN,2003,419.42944
Hungary,HUN,2004,460.05328
Hungary,HUN,2005,429.18018
Hungary,HUN,2006,436.81827
Hungary,HUN,2007,432.5258
Hungary,HUN,2008,461.2319
Hungary,HUN,2009,417.94226
Hungary,HUN,2010,409.85547
Hungary,HUN,2011,435.32135
Hungary,HUN,2012,426.55658
Hungary,HUN,2013,461.10236
Hungary,HUN,2014,465.38306
Hungary,HUN,2015,466.50082
Hungary,HUN,2016,515.7724
Hungary,HUN,2017,516.064
Hungary,HUN,2018,519.7253
Hungary,HUN,2019,516.8702
Hungary,HUN,2020,535.4143
Hungary,HUN,2021,534.619
Hungary,HUN,2022,438.85428
Iceland,ISL,1990,1255.6799
Iceland,ISL,1991,1241.1904
Iceland,ISL,1992,1187.3438
Iceland,ISL,1993,1175.3109
Iceland,ISL,1994,1165.1376
Iceland,ISL,1995,1121.4283
Iceland,ISL,1996,1152.5577
Iceland,ISL,1997,1143.0931
Iceland,ISL,1998,1167.3677
Iceland,ISL,1999,1153.361
Iceland,ISL,2000,1137.6039
Iceland,ISL,2001,1017.3368
Iceland,ISL,2002,1043.0829
Iceland,ISL,2003,1035.8544
Iceland,ISL,2004,992.566
Iceland,ISL,2005,976.9178
Iceland,ISL,2006,1020.12946
Iceland,ISL,2007,1026.7533
Iceland,ISL,2008,1039.308
Iceland,ISL,2009,910.178
Iceland,ISL,2010,911.4825
Iceland,ISL,2011,908.69495
Iceland,ISL,2012,935.0135
Iceland,ISL,2013,895.3629
Iceland,ISL,2014,915.98303
Iceland,ISL,2015,936.66345
Iceland,ISL,2016,923.7985
Iceland,ISL,2017,931.48627
Iceland,ISL,2018,878.5354
Iceland,ISL,2019,831.6954
Iceland,ISL,2020,818.2726
Iceland,ISL,2021,805.05145
Iceland,ISL,2022,762.41956
India,IND,1990,135.7847
India,IND,1991,136.65146
India,IND,1992,137.60344
India,IND,1993,137.81311
India,IND,1994,140.05002
India,IND,1995,139.73743
India,IND,1996,140.70944
India,IND,1997,141.97299
India,IND,1998,142.10754
India,IND,1999,141.35652
India,IND,2000,135.3218
India,IND,2001,135.43947
India,IND,2002,127.36877
India,IND,2003,130.17516
India,IND,2004,132.14008
India,IND,2005,136.4625
India,IND,2006,140.62833
India,IND,2007,144.36337
India,IND,2008,144.64403
India,IND,2009,144.96648
India,IND,2010,147.88318
India,IND,2011,150.68684
India,IND,2012,146.53455
India,IND,2013,144.22421
India,IND,2014,143.37671
India,IND,2015,143.89041
India,IND,2016,141.0624
India,IND,2017,141.62392
India,IND,2018,143.61378
India,IND,2019,147.69296
India,IND,2020,153.8837
India,IND,2021,149.42683
India,IND,2022,151.09898
Indonesia,IDN,1990,168.00989
Indonesia,IDN,1991,165.38329
Indonesia,IDN,1992,171.90778
Indonesia,IDN,1993,163.67902
Indonesia,IDN,1994,167.50443
Indonesia,IDN,1995,173.74725
Indonesia,IDN,1996,179.67134
Indonesia,IDN,1997,165.49165
Indonesia,IDN,1998,166.89957
Indonesia,IDN,1999,156.99185
Indonesia,IDN,2000,158.46146
Indonesia,IDN,2001,156.91615
Indonesia,IDN,2002,162.9981
Indonesia,IDN,2003,161.60995
Indonesia,IDN,2004,166.10608
Indonesia,IDN,2005,166.023
Indonesia,IDN,2006,168.66733
Indonesia,IDN,2007,169.7022
Indonesia,IDN,2008,174.67674
Indonesia,IDN,2009,183.49641
Indonesia,IDN,2010,178.72127
Indonesia,IDN,2011,184.71158
Indonesia,IDN,2012,188.16888
Indonesia,IDN,2013,178.5013
Indonesia,IDN,2014,185.68636
Indonesia,IDN,2015,184.56891
Indonesia,IDN,2016,185.39273
Indonesia,IDN,2017,203.21931
Indonesia,IDN,2018,211.03764
Indonesia,IDN,2019,204.15475
Indonesia,IDN,2020,210.90562
Indonesia,IDN,2021,208.05176
Indonesia,IDN,2022,198.61526
Iran,IRN,1990,207.4337
Iran,IRN,1991,210.37915
Iran,IRN,1992,232.0831
Iran,IRN,1993,207.96844
Iran,IRN,1994,214.56229
Iran,IRN,1995,216.5401
Iran,IRN,1996,220.25627
Iran,IRN,1997,231.14525
Iran,IRN,1998,237.91122
Iran,IRN,1999,226.60114
Iran,IRN,2000,223.13005
Iran,IRN,2001,222.38034
Iran,IRN,2002,231.72614
Iran,IRN,2003,237.31505
Iran,IRN,2004,246.09888
Iran,IRN,2005,246.28123
Iran,IRN,2006,262.2875
Iran,IRN,2007,242.4847
Iran,IRN,2008,228.83115
Iran,IRN,2009,224.82982
Iran,IRN,2010,216.9958
Iran,IRN,2011,181.54306
Iran,IRN,2012,187.85297
Iran,IRN,2013,181.68323
Iran,IRN,2014,167.48045
Iran,IRN,2015,162.9158
Iran,IRN,2016,164.8924
Iran,IRN,2017,158.53831
Iran,IRN,2018,165.93512
Iran,IRN,2019,173.34537
Iran,IRN,2020,181.36542
Iran,IRN,2021,187.66501
Iran,IRN,2022,186.54166
Iraq,IRQ,1990,174.04947
Iraq,IRQ,1991,109.75246
Iraq,IRQ,1992,133.32715
Iraq,IRQ,1993,170.8227
Iraq,IRQ,1994,157.39964
Iraq,IRQ,1995,140.69048
Iraq,IRQ,1996,132.54999
Iraq,IRQ,1997,135.72862
Iraq,IRQ,1998,137.21136
Iraq,IRQ,1999,128.61447
Iraq,IRQ,2000,124.058
Iraq,IRQ,2001,176.60242
Iraq,IRQ,2002,177.64749
Iraq,IRQ,2003,72.380875
Iraq,IRQ,2004,79.048874
Iraq,IRQ,2005,92.93337
Iraq,IRQ,2006,90.157715
Iraq,IRQ,2007,87.70198
Iraq,IRQ,2008,96.30306
Iraq,IRQ,2009,111.450424
Iraq,IRQ,2010,103.07497
Iraq,IRQ,2011,106.649506
Iraq,IRQ,2012,106.37399
Iraq,IRQ,2013,101.46821
Iraq,IRQ,2014,88.09836
Iraq,IRQ,2015,64.16309
Iraq,IRQ,2016,70.18524
Iraq,IRQ,2017,79.56813
Iraq,IRQ,2018,75.74699
Iraq,IRQ,2019,92.250534
Iraq,IRQ,2020,91.88775
Iraq,IRQ,2021,84.27904
Iraq,IRQ,2022,77.37592
Ireland,IRL,1990,2276.5981
Ireland,IRL,1991,2252.2407
Ireland,IRL,1992,2253.8113
Ireland,IRL,1993,2323.749
Ireland,IRL,1994,2362.0103
Ireland,IRL,1995,2343.0393
Ireland,IRL,1996,2286.652
Ireland,IRL,1997,2287.4028
Ireland,IRL,1998,2360.502
Ireland,IRL,1999,2323.513
Ireland,IRL,2000,2261.6172
Ireland,IRL,2001,2218.494
Ireland,IRL,2002,2166.254
Ireland,IRL,2003,2158.813
Ireland,IRL,2004,2070.7976
Ireland,IRL,2005,1987.8309
Ireland,IRL,2006,1897.5
Ireland,IRL,2007,1807.2078
Ireland,IRL,2008,1763.2666
Ireland,IRL,2009,1799.8346
Ireland,IRL,2010,1702.0963
Ireland,IRL,2011,1674.8176
Ireland,IRL,2012,1762.9917
Ireland,IRL,2013,1742.8212
Ireland,IRL,2014,1741.0023
Ireland,IRL,2015,1733.1217
Ireland,IRL,2016,1752.3907
Ireland,IRL,2017,1781.6091
Ireland,IRL,2018,1697.2603
Ireland,IRL,2019,1633.731
Ireland,IRL,2020,1629.6705
Ireland,IRL,2021,1656.5813
Ireland,IRL,2022,1563.5962
Israel,ISR,1990,145.21469
Israel,ISR,1991,131.80214
Israel,ISR,1992,135.15585
Israel,ISR,1993,131.73311
Israel,ISR,1994,138.01837
Israel,ISR,1995,134.46046
Israel,ISR,1996,145.46632
Israel,ISR,1997,139.91028
Israel,ISR,1998,138.16585
Israel,ISR,1999,119.40642
Israel,ISR,2000,121.08927
Israel,ISR,2001,118.211296
Israel,ISR,2002,111.15087
Israel,ISR,2003,115.33456
Israel,ISR,2004,114.88894
Israel,ISR,2005,111.470924
Israel,ISR,2006,113.96795
Israel,ISR,2007,122.08336
Israel,ISR,2008,110.128716
Israel,ISR,2009,101.30312
Israel,ISR,2010,98.1363
Israel,ISR,2011,107.08038
Israel,ISR,2012,105.1555
Israel,ISR,2013,104.52464
Israel,ISR,2014,103.834625
Israel,ISR,2015,105.551834
Israel,ISR,2016,102.31417
Israel,ISR,2017,102.84872
Israel,ISR,2018,103.406944
Israel,ISR,2019,97.02608
Israel,ISR,2020,89.76885
Israel,ISR,2021,90.574394
Israel,ISR,2022,86.78322
Italy,ITA,1990,242.49774
Italy,ITA,1991,236.17883
Italy,ITA,1992,233.87311
Italy,ITA,1993,228.26353
Italy,ITA,1994,222.04755
Italy,ITA,1995,218.45418
Italy,ITA,1996,223.39978
Italy,ITA,1997,217.34846
Italy,ITA,1998,217.94911
Italy,ITA,1999,219.59862
Italy,ITA,2000,215.63692
Italy,ITA,2001,193.69781
Italy,ITA,2002,208.63579
Italy,ITA,2003,201.7676
Italy,ITA,2004,206.6118
Italy,ITA,2005,195.14798
Italy,ITA,2006,192.8365
Italy,ITA,2007,193.2033
Italy,ITA,2008,182.1641
Italy,ITA,2009,163.09425
Italy,ITA,2010,161.72404
Italy,ITA,2011,161.01277
Italy,ITA,2012,167.35083
Italy,ITA,2013,166.18892
Italy,ITA,2014,163.52322
Italy,ITA,2015,166.23933
Italy,ITA,2016,168.3254
Italy,ITA,2017,166.74858
Italy,ITA,2018,169.71507
Italy,ITA,2019,169.96469
Italy,ITA,2020,168.57845
Italy,ITA,2021,167.42188
Italy,ITA,2022,164.54457
Jamaica,JAM,1990,130.25867
Jamaica,JAM,1991,137.45001
Jamaica,JAM,1992,131.97519
Jamaica,JAM,1993,134.69867
Jamaica,JAM,1994,133.32121
Jamaica,JAM,1995,135.99173
Jamaica,JAM,1996,130.72052
Jamaica,JAM,1997,129.52083
Jamaica,JAM,1998,128.41766
Jamaica,JAM,1999,131.28447
Jamaica,JAM,2000,130.37675
Jamaica,JAM,2001,129.55293
Jamaica,JAM,2002,124.97246
Jamaica,JAM,2003,131.74591
Jamaica,JAM,2004,127.2347
Jamaica,JAM,2005,122.81035
Jamaica,JAM,2006,92.559235
Jamaica,JAM,2007,84.75176
Jamaica,JAM,2008,88.05294
Jamaica,JAM,2009,84.033585
Jamaica,JAM,2010,83.67979
Jamaica,JAM,2011,83.31845
Jamaica,JAM,2012,90.17354
Jamaica,JAM,2013,86.21652
Jamaica,JAM,2014,85.90585
Jamaica,JAM,2015,78.50033
Jamaica,JAM,2016,81.8529
Jamaica,JAM,2017,81.68295
Jamaica,JAM,2018,88.64925
Jamaica,JAM,2019,85.00766
Jamaica,JAM,2020,84.78333
Jamaica,JAM,2021,84.57613
Jamaica,JAM,2022,81.01016
Japan,JPN,1990,74.392365
Japan,JPN,1991,72.08015
Japan,JPN,1992,72.43714
Japan,JPN,1993,72.25251
Japan,JPN,1994,72.23423
Japan,JPN,1995,68.431755
Japan,JPN,1996,66.75912
Japan,JPN,1997,65.417496
Japan,JPN,1998,63.611633
Japan,JPN,1999,63.40616
Japan,JPN,2000,63.450684
Japan,JPN,2001,62.62762
Japan,JPN,2002,61.96827
Japan,JPN,2003,62.112648
Japan,JPN,2004,61.338287
Japan,JPN,2005,60.431545
Japan,JPN,2006,59.68878
Japan,JPN,2007,60.973858
Japan,JPN,2008,55.713352
Japan,JPN,2009,54.839417
Japan,JPN,2010,57.026833
Japan,JPN,2011,52.85081
Japan,JPN,2012,53.154785
Japan,JPN,2013,54.72753
Japan,JPN,2014,55.692127
Japan,JPN,2015,53.74153
Japan,JPN,2016,54.341007
Japan,JPN,2017,54.77525
Japan,JPN,2018,54.210182
Japan,JPN,2019,53.907112
Japan,JPN,2020,54.154827
Japan,JPN,2021,54.66292
Japan,JPN,2022,54.80106
Jordan,JOR,1990,82.82912
Jordan,JOR,1991,99.61298
Jordan,JOR,1992,106.59692
Jordan,JOR,1993,98.89564
Jordan,JOR,1994,83.307594
Jordan,JOR,1995,84.17337
Jordan,JOR,1996,77.35341
Jordan,JOR,1997,77.284546
Jordan,JOR,1998,73.58224
Jordan,JOR,1999,72.01812
Jordan,JOR,2000,61.259212
Jordan,JOR,2001,60.012005
Jordan,JOR,2002,62.321083
Jordan,JOR,2003,62.69771
Jordan,JOR,2004,56.102737
Jordan,JOR,2005,66.339424
Jordan,JOR,2006,54.45456
Jordan,JOR,2007,57.12415
Jordan,JOR,2008,65.80949
Jordan,JOR,2009,58.809006
Jordan,JOR,2010,58.927956
Jordan,JOR,2011,58.82014
Jordan,JOR,2012,56.6749
Jordan,JOR,2013,65.0666
Jordan,JOR,2014,59.14659
Jordan,JOR,2015,63.909615
Jordan,JOR,2016,59.96181
Jordan,JOR,2017,53.741238
Jordan,JOR,2018,52.569653
Jordan,JOR,2019,52.47429
Jordan,JOR,2020,48.77944
Jordan,JOR,2021,48.79655
Jordan,JOR,2022,47.97327
Kazakhstan,KAZ,1990,827.2094
Kazakhstan,KAZ,1991,773.2106
Kazakhstan,KAZ,1992,713.1061
Kazakhstan,KAZ,1993,663.985
Kazakhstan,KAZ,1994,639.52966
Kazakhstan,KAZ,1995,543.31775
Kazakhstan,KAZ,1996,491.59247
Kazakhstan,KAZ,1997,436.32056
Kazakhstan,KAZ,1998,366.1859
Kazakhstan,KAZ,1999,346.79367
Kazakhstan,KAZ,2000,330.29895
Kazakhstan,KAZ,2001,373.02054
Kazakhstan,KAZ,2002,615.7117
Kazakhstan,KAZ,2003,429.27786
Kazakhstan,KAZ,2004,482.01395
Kazakhstan,KAZ,2005,495.36206
Kazakhstan,KAZ,2006,537.764
Kazakhstan,KAZ,2007,473.02084
Kazakhstan,KAZ,2008,477.2768
Kazakhstan,KAZ,2009,442.84393
Kazakhstan,KAZ,2010,509.0038
Kazakhstan,KAZ,2011,443.57214
Kazakhstan,KAZ,2012,426.43887
Kazakhstan,KAZ,2013,374.22034
Kazakhstan,KAZ,2014,436.67914
Kazakhstan,KAZ,2015,466.70636
Kazakhstan,KAZ,2016,411.13943
Kazakhstan,KAZ,2017,565.6251
Kazakhstan,KAZ,2018,437.86618
Kazakhstan,KAZ,2019,481.0106
Kazakhstan,KAZ,2020,458.8824
Kazakhstan,KAZ,2021,472.558
Kazakhstan,KAZ,2022,458.70615
Kenya,KEN,1990,381.78183
Kenya,KEN,1991,355.65497
Kenya,KEN,1992,342.86932
Kenya,KEN,1993,328.85843
Kenya,KEN,1994,323.315
Kenya,KEN,1995,308.62628
Kenya,KEN,1996,287.4466
Kenya,KEN,1997,277.91852
Kenya,KEN,1998,279.7003
Kenya,KEN,1999,285.53735
Kenya,KEN,2000,255.85052
Kenya,KEN,2001,249.53217
Kenya,KEN,2002,250.07808
Kenya,KEN,2003,259.7153
Kenya,KEN,2004,263.87463
Kenya,KEN,2005,252.81813
Kenya,KEN,2006,235.2048
Kenya,KEN,2007,361.23337
Kenya,KEN,2008,350.45343
Kenya,KEN,2009,329.13553
Kenya,KEN,2010,322.84766
Kenya,KEN,2011,324.3802
Kenya,KEN,2012,316.71304
Kenya,KEN,2013,305.42297
Kenya,KEN,2014,300.96777
Kenya,KEN,2015,292.21555
Kenya,KEN,2016,313.4628
Kenya,KEN,2017,287.4115
Kenya,KEN,2018,290.79547
Kenya,KEN,2019,328.30215
Kenya,KEN,2020,374.3968
Kenya,KEN,2021,326.01038
Kenya,KEN,2022,320.72278
Kiribati,KIR,1990,0
Kiribati,KIR,1991,0
Kiribati,KIR,1992,0
Kiribati,KIR,1993,0
Kiribati,KIR,1994,0
Kiribati,KIR,1995,0
Kiribati,KIR,1996,0
Kiribati,KIR,1997,0
Kiribati,KIR,1998,0
Kiribati,KIR,1999,0
Kiribati,KIR,2000,0
Kiribati,KIR,2001,0
Kiribati,KIR,2002,0
Kiribati,KIR,2003,0
Kiribati,KIR,2004,0
Kiribati,KIR,2005,0
Kiribati,KIR,2006,0
Kiribati,KIR,2007,0
Kiribati,KIR,2008,0
Kiribati,KIR,2009,0
Kiribati,KIR,2010,0
Kiribati,KIR,2011,0
Kiribati,KIR,2012,0
Kiribati,KIR,2013,0
Kiribati,KIR,2014,0
Kiribati,KIR,2015,0
Kiribati,KIR,2016,0
Kiribati,KIR,2017,0
Kiribati,KIR,2018,0
Kiribati,KIR,2019,0
Kiribati,KIR,2020,0
Kiribati,KIR,2021,0
Kiribati,KIR,2022,0
Kuwait,KWT,1990,65.28837
Kuwait,KWT,1991,29.598867
Kuwait,KWT,1992,30.581638
Kuwait,KWT,1993,53.822666
Kuwait,KWT,1994,60.08276
Kuwait,KWT,1995,71.36409
Kuwait,KWT,1996,86.69243
Kuwait,KWT,1997,83.907074
Kuwait,KWT,1998,86.7534
Kuwait,KWT,1999,94.7351
Kuwait,KWT,2000,86.96929
Kuwait,KWT,2001,74.69647
Kuwait,KWT,2002,82.524956
Kuwait,KWT,2003,85.31267
Kuwait,KWT,2004,78.80115
Kuwait,KWT,2005,80.47221
Kuwait,KWT,2006,76.11828
Kuwait,KWT,2007,71.77348
Kuwait,KWT,2008,79.20245
Kuwait,KWT,2009,78.69822
Kuwait,KWT,2010,64.551765
Kuwait,KWT,2011,70.22438
Kuwait,KWT,2012,71.92035
Kuwait,KWT,2013,71.27065
Kuwait,KWT,2014,68.19852
Kuwait,KWT,2015,73.02192
Kuwait,KWT,2016,69.93049
Kuwait,KWT,2017,72.20763
Kuwait,KWT,2018,69.390015
Kuwait,KWT,2019,69.785225
Kuwait,KWT,2020,72.72486
Kuwait,KWT,2021,73.381905
Kuwait,KWT,2022,69.72416
Kyrgyzstan,KGZ,1990,405.871
Kyrgyzstan,KGZ,1991,375.10007
Kyrgyzstan,KGZ,1992,356.49786
Kyrgyzstan,KGZ,1993,328.52014
Kyrgyzstan,KGZ,1994,288.22226
Kyrgyzstan,KGZ,1995,227.00075
Kyrgyzstan,KGZ,1996,215.3512
Kyrgyzstan,KGZ,1997,206.2707
Kyrgyzstan,KGZ,1998,213.94548
Kyrgyzstan,KGZ,1999,213.34006
Kyrgyzstan,KGZ,2000,212.92897
Kyrgyzstan,KGZ,2001,216.8787
Kyrgyzstan,KGZ,2002,195.45558
Kyrgyzstan,KGZ,2003,219.01678
Kyrgyzstan,KGZ,2004,213.33649
Kyrgyzstan,KGZ,2005,217.29446
Kyrgyzstan,KGZ,2006,217.70197
Kyrgyzstan,KGZ,2007,220.19897
Kyrgyzstan,KGZ,2008,222.74092
Kyrgyzstan,KGZ,2009,246.38696
Kyrgyzstan,KGZ,2010,242.1809
Kyrgyzstan,KGZ,2011,243.0943
Kyrgyzstan,KGZ,2012,244.00858
Kyrgyzstan,KGZ,2013,251.84164
Kyrgyzstan,KGZ,2014,257.7004
Kyrgyzstan,KGZ,2015,239.92499
Kyrgyzstan,KGZ,2016,240.64986
Kyrgyzstan,KGZ,2017,236.32878
Kyrgyzstan,KGZ,2018,250.72012
Kyrgyzstan,KGZ,2019,250.99953
Kyrgyzstan,KGZ,2020,249.09428
Kyrgyzstan,KGZ,2021,237.51984
Kyrgyzstan,KGZ,2022,238.65002
Laos,LAO,1990,292.2105
Laos,LAO,1991,288.6054
Laos,LAO,1992,298.26852
Laos,LAO,1993,290.28418
Laos,LAO,1994,297.3453
Laos,LAO,1995,298.21014
Laos,LAO,1996,283.4104
Laos,LAO,1997,287.26624
Laos,LAO,1998,257.22748
Laos,LAO,1999,241.53757
Laos,LAO,2000,252.24568
Laos,LAO,2001,260.7996
Laos,LAO,2002,269.1196
Laos,LAO,2003,268.5179
Laos,LAO,2004,288.846
Laos,LAO,2005,284.52017
Laos,LAO,2006,273.34323
Laos,LAO,2007,297.21426
Laos,LAO,2008,286.22662
Laos,LAO,2009,301.20245
Laos,LAO,2010,325.21875
Laos,LAO,2011,298.75864
Laos,LAO,2012,337.47607
Laos,LAO,2013,334.27188
Laos,LAO,2014,335.66208
Laos,LAO,2015,346.97476
Laos,LAO,2016,358.9625
Laos,LAO,2017,339.12073
Laos,LAO,2018,338.10123
Laos,LAO,2019,356.47003
Laos,LAO,2020,370.2426
Laos,LAO,2021,350.18552
Laos,LAO,2022,351.89804
Latvia,LVA,1990,872.13745
Latvia,LVA,1991,822.9729
Latvia,LVA,1992,837.5296
Latvia,LVA,1993,741.08167
Latvia,LVA,1994,630.6426
Latvia,LVA,1995,555.12024
Latvia,LVA,1996,569.5903
Latvia,LVA,1997,579.47687
Latvia,LVA,1998,605.7546
Latvia,LVA,1999,610.66864
Latvia,LVA,2000,608.02594
Latvia,LVA,2001,624.3855
Latvia,LVA,2002,631.6633
Latvia,LVA,2003,664.05035
Latvia,LVA,2004,666.9084
Latvia,LVA,2005,696.49475
Latvia,LVA,2006,707.5135
Latvia,LVA,2007,736.1047
Latvia,LVA,2008,762.2686
Latvia,LVA,2009,779.62915
Latvia,LVA,2010,805.59283
Latvia,LVA,2011,834.97577
Latvia,LVA,2012,874.8481
Latvia,LVA,2013,894.186
Latvia,LVA,2014,917.68286
Latvia,LVA,2015,960.6274
Latvia,LVA,2016,959.25073
Latvia,LVA,2017,962.6279
Latvia,LVA,2018,933.8104
Latvia,LVA,2019,992.547
Latvia,LVA,2020,1020.45166
Latvia,LVA,2021,1018.2473
Latvia,LVA,2022,1015.38544
Lebanon,LBN,1990,72.319145
Lebanon,LBN,1991,73.591225
Lebanon,LBN,1992,74.71897
Lebanon,LBN,1993,81.137985
Lebanon,LBN,1994,69.41228
Lebanon,LBN,1995,88.3673
Lebanon,LBN,1996,84.26726
Lebanon,LBN,1997,85.191124
Lebanon,LBN,1998,86.09789
Lebanon,LBN,1999,84.60082
Lebanon,LBN,2000,85.46327
Lebanon,LBN,2001,90.86938
Lebanon,LBN,2002,80.654106
Lebanon,LBN,2003,83.96838
Lebanon,LBN,2004,86.97004
Lebanon,LBN,2005,72.78792
Lebanon,LBN,2006,67.35217
Lebanon,LBN,2007,72.252556
Lebanon,LBN,2008,69.0305
Lebanon,LBN,2009,74.11421
Lebanon,LBN,2010,75.37753
Lebanon,LBN,2011,90.266556
Lebanon,LBN,2012,93.5875
Lebanon,LBN,2013,81.83247
Lebanon,LBN,2014,74.05081
Lebanon,LBN,2015,74.16025
Lebanon,LBN,2016,79.07562
Lebanon,LBN,2017,84.41381
Lebanon,LBN,2018,81.883385
Lebanon,LBN,2019,88.01296
Lebanon,LBN,2020,85.928734
Lebanon,LBN,2021,78.69707
Lebanon,LBN,2022,76.59511
Lesotho,LSO,1990,276.28918
Lesotho,LSO,1991,265.9599
Lesotho,LSO,1992,288.26428
Lesotho,LSO,1993,278.68347
Lesotho,LSO,1994,269.7504
Lesotho,LSO,1995,251.0965
Lesotho,LSO,1996,253.4952
Lesotho,LSO,1997,266.5808
Lesotho,LSO,1998,230.2247
Lesotho,LSO,1999,314.49084
Lesotho,LSO,2000,304.40353
Lesotho,LSO,2001,304.86908
Lesotho,LSO,2002,255.67934
Lesotho,LSO,2003,266.99445
Lesotho,LSO,2004,253.6616
Lesotho,LSO,2005,286.7266
Lesotho,LSO,2006,277.62555
Lesotho,LSO,2007,291.81787
Lesotho,LSO,2008,264.42285
Lesotho,LSO,2009,267.5573
Lesotho,LSO,2010,260.4876
Lesotho,LSO,2011,263.1559
Lesotho,LSO,2012,255.60826
Lesotho,LSO,2013,233.40524
Lesotho,LSO,2014,225.95164
Lesotho,LSO,2015,228.07033
Lesotho,LSO,2016,215.91946
Lesotho,LSO,2017,236.42667
Lesotho,LSO,2018,215.2398
Lesotho,LSO,2019,185.56956
Lesotho,LSO,2020,138.65736
Lesotho,LSO,2021,159.18294
Lesotho,LSO,2022,161.84685
Liberia,LBR,1990,62.95907
Liberia,LBR,1991,61.333294
Liberia,LBR,1992,57.902035
Liberia,LBR,1993,55.680965
Liberia,LBR,1994,51.16448
Liberia,LBR,1995,50.71071
Liberia,LBR,1996,49.27684
Liberia,LBR,1997,49.73073
Liberia,LBR,1998,44.941666
Liberia,LBR,1999,42.527718
Liberia,LBR,2000,40.981968
Liberia,LBR,2001,39.796467
Liberia,LBR,2002,42.00604
Liberia,LBR,2003,44.878498
Liberia,LBR,2004,41.17973
Liberia,LBR,2005,39.381813
Liberia,LBR,2006,45.83487
Liberia,LBR,2007,43.608017
Liberia,LBR,2008,47.108013
Liberia,LBR,2009,73.5474
Liberia,LBR,2010,54.201916
Liberia,LBR,2011,49.749157
Liberia,LBR,2012,52.59492
Liberia,LBR,2013,51.45131
Liberia,LBR,2014,54.772923
Liberia,LBR,2015,64.385475
Liberia,LBR,2016,50.466743
Liberia,LBR,2017,49.495483
Liberia,LBR,2018,48.53654
Liberia,LBR,2019,53.53193
Liberia,LBR,2020,46.606735
Liberia,LBR,2021,45.633213
Liberia,LBR,2022,46.52637
Libya,LBY,1990,206.96281
Libya,LBY,1991,200.24629
Libya,LBY,1992,181.02043
Libya,LBY,1993,181.70091
Libya,LBY,1994,167.97873
Libya,LBY,1995,177.30312
Libya,LBY,1996,166.41931
Libya,LBY,1997,157.95786
Libya,LBY,1998,169.23729
Libya,LBY,1999,180.1443
Libya,LBY,2000,150.80057
Libya,LBY,2001,142.49657
Libya,LBY,2002,152.49403
Libya,LBY,2003,153.04112
Libya,LBY,2004,165.60054
Libya,LBY,2005,172.39046
Libya,LBY,2006,180.59561
Libya,LBY,2007,186.75111
Libya,LBY,2008,182.82611
Libya,LBY,2009,183.76898
Libya,LBY,2010,186.21582
Libya,LBY,2011,192.33165
Libya,LBY,2012,199.05081
Libya,LBY,2013,195.09453
Libya,LBY,2014,177.36952
Libya,LBY,2015,171.46815
Libya,LBY,2016,170.38266
Libya,LBY,2017,175.10611
Libya,LBY,2018,170.8264
Libya,LBY,2019,171.19742
Libya,LBY,2020,164.64636
Libya,LBY,2021,159.77174
Libya,LBY,2022,161.96452
Liechtenstein,LIE,1990,0
Liechtenstein,LIE,1991,0
Liechtenstein,LIE,1992,0
Liechtenstein,LIE,1993,0
Liechtenstein,LIE,1994,0
Liechtenstein,LIE,1995,0
Liechtenstein,LIE,1996,0
Liechtenstein,LIE,1997,0
Liechtenstein,LIE,1998,0
Liechtenstein,LIE,1999,0
Liechtenstein,LIE,2000,0
Liechtenstein,LIE,2001,0
Liechtenstein,LIE,2002,0
Liechtenstein,LIE,2003,0
Liechtenstein,LIE,2004,0
Liechtenstein,LIE,2005,0
Liechtenstein,LIE,2006,0
Liechtenstein,LIE,2007,0
Liechtenstein,LIE,2008,0
Liechtenstein,LIE,2009,0
Liechtenstein,LIE,2010,0
Liechtenstein,LIE,2011,0
Liechtenstein,LIE,2012,0
Liechtenstein,LIE,2013,0
Liechtenstein,LIE,2014,0
Liechtenstein,LIE,2015,0
Liechtenstein,LIE,2016,0
Liechtenstein,LIE,2017,0
Liechtenstein,LIE,2018,0
Liechtenstein,LIE,2019,0
Liechtenstein,LIE,2020,0
Liechtenstein,LIE,2021,0
Liechtenstein,LIE,2022,0
Lithuania,LTU,1990,1269.2773
Lithuania,LTU,1991,1194.1401
Lithuania,LTU,1992,1084.5013
Lithuania,LTU,1993,940.1661
Lithuania,LTU,1994,889.21893
Lithuania,LTU,1995,860.206
Lithuania,LTU,1996,922.2937
Lithuania,LTU,1997,934.6793
Lithuania,LTU,1998,932.98096
Lithuania,LTU,1999,925.3727
Lithuania,LTU,2000,931.31946
Lithuania,LTU,2001,915.6328
Lithuania,LTU,2002,949.46326
Lithuania,LTU,2003,963.3189
Lithuania,LTU,2004,980.2461
Lithuania,LTU,2005,996.30853
Lithuania,LTU,2006,1003.1167
Lithuania,LTU,2007,1045.9934
Lithuania,LTU,2008,1034.8658
Lithuania,LTU,2009,1074.8423
Lithuania,LTU,2010,1091.1248
Lithuania,LTU,2011,1132.5208
Lithuania,LTU,2012,1177.9138
Lithuania,LTU,2013,1186.4686
Lithuania,LTU,2014,1217.1128
Lithuania,LTU,2015,1249.2382
Lithuania,LTU,2016,1237.3179
Lithuania,LTU,2017,1261.7886
Lithuania,LTU,2018,1220.3456
Lithuania,LTU,2019,1280.8325
Lithuania,LTU,2020,1316.2761
Lithuania,LTU,2021,1298.9849
Lithuania,LTU,2022,1182.1409
Low-income countries,,1990,411.16464
Low-income countries,,1991,408.0119
Low-income countries,,1992,404.46164
Low-income countries,,1993,392.83817
Low-income countries,,1994,384.26697
Low-income countries,,1995,375.10345
Low-income countries,,1996,378.32547
Low-income countries,,1997,374.3364
Low-income countries,,1998,386.71625
Low-income countries,,1999,374.53192
Low-income countries,,2000,372.66733
Low-income countries,,2001,342.92572
Low-income countries,,2002,356.5068
Low-income countries,,2003,364.00452
Low-income countries,,2004,358.77032
Low-income countries,,2005,367.20627
Low-income countries,,2006,352.04724
Low-income countries,,2007,356.56876
Low-income countries,,2008,356.5684
Low-income countries,,2009,346.78635
Low-income countries,,2010,344.67563
Low-income countries,,2011,335.74615
Low-income countries,,2012,336.46268
Low-income countries,,2013,333.61328
Low-income countries,,2014,330.3055
Low-income countries,,2015,328.97345
Low-income countries,,2016,333.18112
Low-income countries,,2017,322.8208
Low-income countries,,2018,322.56998
Low-income countries,,2019,313.91586
Low-income countries,,2020,319.55933
Low-income countries,,2021,309.23126
Low-income countries,,2022,303.97598
Lower-middle-income countries,,1990,178.54219
Lower-middle-income countries,,1991,177.10173
Lower-middle-income countries,,1992,175.6543
Lower-middle-income countries,,1993,174.3625
Lower-middle-income countries,,1994,174.4541
Lower-middle-income countries,,1995,175.28946
Lower-middle-income countries,,1996,175.02368
Lower-middle-income countries,,1997,173.6581
Lower-middle-income countries,,1998,175.78174
Lower-middle-income countries,,1999,174.95773
Lower-middle-income countries,,2000,171.22441
Lower-middle-income countries,,2001,168.38524
Lower-middle-income countries,,2002,165.86024
Lower-middle-income countries,,2003,170.01945
Lower-middle-income countries,,2004,170.76483
Lower-middle-income countries,,2005,174.83072
Lower-middle-income countries,,2006,174.09625
Lower-middle-income countries,,2007,177.31613
Lower-middle-income countries,,2008,175.4171
Lower-middle-income countries,,2009,177.45654
Lower-middle-income countries,,2010,179.25755
Lower-middle-income countries,,2011,181.30785
Lower-middle-income countries,,2012,177.70279
Lower-middle-income countries,,2013,177.38412
Lower-middle-income countries,,2014,175.17928
Lower-middle-income countries,,2015,176.13979
Lower-middle-income countries,,2016,175.51259
Lower-middle-income countries,,2017,176.00948
Lower-middle-income countries,,2018,172.74628
Lower-middle-income countries,,2019,175.87552
Lower-middle-income countries,,2020,181.211
Lower-middle-income countries,,2021,178.00684
Lower-middle-income countries,,2022,177.3669
Luxembourg,LUX,1990,523.9621
Luxembourg,LUX,1991,517.0377
Luxembourg,LUX,1992,484.7285
Luxembourg,LUX,1993,478.3364
Luxembourg,LUX,1994,471.93594
Luxembourg,LUX,1995,489.9115
Luxembourg,LUX,1996,483.34982
Luxembourg,LUX,1997,477.36115
Luxembourg,LUX,1998,471.5224
Luxembourg,LUX,1999,465.21475
Luxembourg,LUX,2000,275.13974
Luxembourg,LUX,2001,271.64438
Luxembourg,LUX,2002,425.63486
Luxembourg,LUX,2003,420.49817
Luxembourg,LUX,2004,458.21014
Luxembourg,LUX,2005,408.27817
Luxembourg,LUX,2006,401.8026
Luxembourg,LUX,2007,395.60504
Luxembourg,LUX,2008,388.55203
Luxembourg,LUX,2009,381.376
Luxembourg,LUX,2010,394.15237
Luxembourg,LUX,2011,385.66632
Luxembourg,LUX,2012,357.84845
Luxembourg,LUX,2013,349.67737
Luxembourg,LUX,2014,341.55154
Luxembourg,LUX,2015,351.16058
Luxembourg,LUX,2016,342.75275
Luxembourg,LUX,2017,335.28583
Luxembourg,LUX,2018,312.44397
Luxembourg,LUX,2019,306.36908
Luxembourg,LUX,2020,301.3018
Luxembourg,LUX,2021,296.747
Luxembourg,LUX,2022,244.90483
Madagascar,MDG,1990,541.6548
Madagascar,MDG,1991,527.31525
Madagascar,MDG,1992,513.2464
Madagascar,MDG,1993,501.61572
Madagascar,MDG,1994,486.26917
Madagascar,MDG,1995,473.97818
Madagascar,MDG,1996,465.17358
Madagascar,MDG,1997,436.26706
Madagascar,MDG,1998,437.0741
Madagascar,MDG,1999,408.11212
Madagascar,MDG,2000,375.9914
Madagascar,MDG,2001,349.32327
Madagascar,MDG,2002,303.13538
Madagascar,MDG,2003,345.84155
Madagascar,MDG,2004,297.7437
Madagascar,MDG,2005,364.82803
Madagascar,MDG,2006,323.35043
Madagascar,MDG,2007,345.00427
Madagascar,MDG,2008,306.82703
Madagascar,MDG,2009,312.80054
Madagascar,MDG,2010,300.22525
Madagascar,MDG,2011,293.13428
Madagascar,MDG,2012,292.38217
Madagascar,MDG,2013,276.24207
Madagascar,MDG,2014,268.53113
Madagascar,MDG,2015,263.5025
Madagascar,MDG,2016,273.56375
Madagascar,MDG,2017,251.97493
Madagascar,MDG,2018,220.40427
Madagascar,MDG,2019,219.35141
Madagascar,MDG,2020,213.44525
Madagascar,MDG,2021,203.42805
Madagascar,MDG,2022,199.42662
Malawi,MWI,1990,101.61473
Malawi,MWI,1991,108.69314
Malawi,MWI,1992,106.56056
Malawi,MWI,1993,106.96199
Malawi,MWI,1994,79.68599
Malawi,MWI,1995,95.56535
Malawi,MWI,1996,102.393425
Malawi,MWI,1997,102.25303
Malawi,MWI,1998,104.698685
Malawi,MWI,1999,99.56723
Malawi,MWI,2000,104.27761
Malawi,MWI,2001,88.846275
Malawi,MWI,2002,107.74009
Malawi,MWI,2003,112.464935
Malawi,MWI,2004,111.19345
Malawi,MWI,2005,109.81279
Malawi,MWI,2006,119.70877
Malawi,MWI,2007,128.90068
Malawi,MWI,2008,139.52077
Malawi,MWI,2009,132.67769
Malawi,MWI,2010,152.43011
Malawi,MWI,2011,150.6712
Malawi,MWI,2012,147.68062
Malawi,MWI,2013,149.73566
Malawi,MWI,2014,167.25291
Malawi,MWI,2015,168.56314
Malawi,MWI,2016,157.19562
Malawi,MWI,2017,169.62575
Malawi,MWI,2018,202.93515
Malawi,MWI,2019,225.4839
Malawi,MWI,2020,233.95244
Malawi,MWI,2021,220.47897
Malawi,MWI,2022,216.34781
Malaysia,MYS,1990,188.41284
Malaysia,MYS,1991,171.73256
Malaysia,MYS,1992,182.11195
Malaysia,MYS,1993,181.65195
Malaysia,MYS,1994,177.59439
Malaysia,MYS,1995,174.12175
Malaysia,MYS,1996,162.10965
Malaysia,MYS,1997,186.6647
Malaysia,MYS,1998,198.56926
Malaysia,MYS,1999,179.18005
Malaysia,MYS,2000,173.72134
Malaysia,MYS,2001,170.8709
Malaysia,MYS,2002,189.60707
Malaysia,MYS,2003,211.91588
Malaysia,MYS,2004,227.26576
Malaysia,MYS,2005,234.1687
Malaysia,MYS,2006,227.87572
Malaysia,MYS,2007,230.75456
Malaysia,MYS,2008,241.92918
Malaysia,MYS,2009,193.06818
Malaysia,MYS,2010,230.32008
Malaysia,MYS,2011,232.15115
Malaysia,MYS,2012,233.62567
Malaysia,MYS,2013,202.49042
Malaysia,MYS,2014,209.47264
Malaysia,MYS,2015,195.30753
Malaysia,MYS,2016,190.62782
Malaysia,MYS,2017,178.63963
Malaysia,MYS,2018,156.78665
Malaysia,MYS,2019,138.4545
Malaysia,MYS,2020,146.35779
Malaysia,MYS,2021,164.51588
Malaysia,MYS,2022,146.4167
Maldives,MDV,1990,0
Maldives,MDV,1991,0
Maldives,MDV,1992,0
Maldives,MDV,1993,0
Maldives,MDV,1994,0
Maldives,MDV,1995,0
Maldives,MDV,1996,0
Maldives,MDV,1997,0
Maldives,MDV,1998,0
Maldives,MDV,1999,0
Maldives,MDV,2000,0
Maldives,MDV,2001,0
Maldives,MDV,2002,0
Maldives,MDV,2003,0
Maldives,MDV,2004,0
Maldives,MDV,2005,0
Maldives,MDV,2006,0
Maldives,MDV,2007,0
Maldives,MDV,2008,0
Maldives,MDV,2009,0
Maldives,MDV,2010,0
Maldives,MDV,2011,0
Maldives,MDV,2012,0
Maldives,MDV,2013,0
Maldives,MDV,2014,0
Maldives,MDV,2015,0
Maldives,MDV,2016,0
Maldives,MDV,2017,0
Maldives,MDV,2018,0
Maldives,MDV,2019,0
Maldives,MDV,2020,0
Maldives,MDV,2021,0
Maldives,MDV,2022,0
Mali,MLI,1990,589.39996
Mali,MLI,1991,574.60925
Mali,MLI,1992,564.1888
Mali,MLI,1993,560.75037
Mali,MLI,1994,553.8257
Mali,MLI,1995,549.8083
Mali,MLI,1996,574.59814
Mali,MLI,1997,570.1405
Mali,MLI,1998,588.85065
Mali,MLI,1999,620.8016
Mali,MLI,2000,611.6292
Mali,MLI,2001,558.253
Mali,MLI,2002,560.7073
Mali,MLI,2003,551.835
Mali,MLI,2004,606.75836
Mali,MLI,2005,597.5486
Mali,MLI,2006,583.9826
Mali,MLI,2007,574.0856
Mali,MLI,2008,590.3304
Mali,MLI,2009,556.50806
Mali,MLI,2010,568.8232
Mali,MLI,2011,560.445
Mali,MLI,2012,556.11127
Mali,MLI,2013,562.4407
Mali,MLI,2014,557.15045
Mali,MLI,2015,560.4253
Mali,MLI,2016,609.13025
Mali,MLI,2017,587.4926
Mali,MLI,2018,577.73126
Mali,MLI,2019,598.05194
Mali,MLI,2020,598.236
Mali,MLI,2021,577.97174
Mali,MLI,2022,537.43304
Malta,MLT,1990,81.541016
Malta,MLT,1991,80.78958
Malta,MLT,1992,80.04162
Malta,MLT,1993,79.3185
Malta,MLT,1994,78.64376
Malta,MLT,1995,78.01144
Malta,MLT,1996,77.39399
Malta,MLT,1997,76.78781
Malta,MLT,1998,76.18428
Malta,MLT,1999,75.58636
Malta,MLT,2000,75.017815
Malta,MLT,2001,74.480865
Malta,MLT,2002,73.96979
Malta,MLT,2003,73.4869
Malta,MLT,2004,73.02824
Malta,MLT,2005,72.58228
Malta,MLT,2006,72.208595
Malta,MLT,2007,71.90778
Malta,MLT,2008,71.60434
Malta,MLT,2009,47.528515
Malta,MLT,2010,47.32003
Malta,MLT,2011,47.099274
Malta,MLT,2012,46.880566
Malta,MLT,2013,46.67913
Malta,MLT,2014,46.030556
Malta,MLT,2015,44.94604
Malta,MLT,2016,43.929398
Malta,MLT,2017,42.74399
Malta,MLT,2018,41.27456
Malta,MLT,2019,39.681202
Malta,MLT,2020,38.594242
Malta,MLT,2021,38.14006
Malta,MLT,2022,37.864876
Marshall Islands,MHL,1991,0
Marshall Islands,MHL,1992,0
Marshall Islands,MHL,1993,0
Marshall Islands,MHL,1994,0
Marshall Islands,MHL,1995,0
Marshall Islands,MHL,1996,0
Marshall Islands,MHL,1997,0
Marshall Islands,MHL,1998,0
Marshall Islands,MHL,1999,0
Marshall Islands,MHL,2000,0
Marshall Islands,MHL,2001,0
Marshall Islands,MHL,2002,0
Marshall Islands,MHL,2003,0
Marshall Islands,MHL,2004,0
Marshall Islands,MHL,2005,0
Marshall Islands,MHL,2006,0
Marshall Islands,MHL,2007,0
Marshall Islands,MHL,2008,0
Marshall Islands,MHL,2009,0
Marshall Islands,MHL,2010,0
Marshall Islands,MHL,2011,0
Marshall Islands,MHL,2012,0
Marshall Islands,MHL,2013,0
Marshall Islands,MHL,2014,0
Marshall Islands,MHL,2015,0
Marshall Islands,MHL,2016,0
Marshall Islands,MHL,2017,0
Marshall Islands,MHL,2018,0
Marshall Islands,MHL,2019,0
Marshall Islands,MHL,2020,0
Marshall Islands,MHL,2021,0
Marshall Islands,MHL,2022,0
Mauritania,MRT,1990,829.9686
Mauritania,MRT,1991,835.92944
Mauritania,MRT,1992,771.02
Mauritania,MRT,1993,754.2543
Mauritania,MRT,1994,711.2812
Mauritania,MRT,1995,696.35864
Mauritania,MRT,1996,767.5368
Mauritania,MRT,1997,771.36304
Mauritania,MRT,1998,808.19507
Mauritania,MRT,1999,841.95624
Mauritania,MRT,2000,883.8891
Mauritania,MRT,2001,866.0704
Mauritania,MRT,2002,817.9186
Mauritania,MRT,2003,806.55237
Mauritania,MRT,2004,784.3353
Mauritania,MRT,2005,772.3558
Mauritania,MRT,2006,796.37415
Mauritania,MRT,2007,779.1624
Mauritania,MRT,2008,678.54626
Mauritania,MRT,2009,712.44714
Mauritania,MRT,2010,731.3546
Mauritania,MRT,2011,696.583
Mauritania,MRT,2012,696.31824
Mauritania,MRT,2013,690.88806
Mauritania,MRT,2014,665.1923
Mauritania,MRT,2015,683.3152
Mauritania,MRT,2016,663.13403
Mauritania,MRT,2017,634.11346
Mauritania,MRT,2018,615.5357
Mauritania,MRT,2019,626.7187
Mauritania,MRT,2020,615.19916
Mauritania,MRT,2021,599.80475
Mauritania,MRT,2022,578.38513
Mauritius,MUS,1990,91.824585
Mauritius,MUS,1991,90.65772
Mauritius,MUS,1992,98.4185
Mauritius,MUS,1993,88.30825
Mauritius,MUS,1994,95.93924
Mauritius,MUS,1995,103.463974
Mauritius,MUS,1996,102.35502
Mauritius,MUS,1997,92.88155
Mauritius,MUS,1998,92.04166
Mauritius,MUS,1999,99.51049
Mauritius,MUS,2000,106.852356
Mauritius,MUS,2001,81.57891
Mauritius,MUS,2002,89.13451
Mauritius,MUS,2003,88.56013
Mauritius,MUS,2004,88.01415
Mauritius,MUS,2005,79.54089
Mauritius,MUS,2006,79.12739
Mauritius,MUS,2007,86.64678
Mauritius,MUS,2008,78.453835
Mauritius,MUS,2009,78.18755
Mauritius,MUS,2010,70.163956
Mauritius,MUS,2011,85.51859
Mauritius,MUS,2012,93.082855
Mauritius,MUS,2013,85.20606
Mauritius,MUS,2014,92.87882
Mauritius,MUS,2015,77.38243
Mauritius,MUS,2016,92.893135
Mauritius,MUS,2017,85.22811
Mauritius,MUS,2018,85.34833
Mauritius,MUS,2019,85.51866
Mauritius,MUS,2020,77.92829
Mauritius,MUS,2021,78.14771
Mauritius,MUS,2022,78.36168
Mexico,MEX,1990,358.00458
Mexico,MEX,1991,336.7264
Mexico,MEX,1992,333.31473
Mexico,MEX,1993,330.6188
Mexico,MEX,1994,324.6724
Mexico,MEX,1995,308.70837
Mexico,MEX,1996,308.0494
Mexico,MEX,1997,303.01675
Mexico,MEX,1998,309.80826
Mexico,MEX,1999,298.40692
Mexico,MEX,2000,297.28604
Mexico,MEX,2001,296.50616
Mexico,MEX,2002,279.5705
Mexico,MEX,2003,279.28156
Mexico,MEX,2004,265.62796
Mexico,MEX,2005,278.70316
Mexico,MEX,2006,267.3102
Mexico,MEX,2007,270.5601
Mexico,MEX,2008,259.11832
Mexico,MEX,2009,260.53638
Mexico,MEX,2010,260.33255
Mexico,MEX,2011,274.20203
Mexico,MEX,2012,264.51355
Mexico,MEX,2013,270.14563
Mexico,MEX,2014,265.3938
Mexico,MEX,2015,250.92442
Mexico,MEX,2016,269.8539
Mexico,MEX,2017,269.3678
Mexico,MEX,2018,262.25436
Mexico,MEX,2019,261.12613
Mexico,MEX,2020,266.40576
Mexico,MEX,2021,261.34338
Mexico,MEX,2022,246.7089
Micronesia (country),FSM,1991,97.31034
Micronesia (country),FSM,1992,95.39891
Micronesia (country),FSM,1993,93.386375
Micronesia (country),FSM,1994,91.66743
Micronesia (country),FSM,1995,90.707886
Micronesia (country),FSM,1996,90.31547
Micronesia (country),FSM,1997,90.01872
Micronesia (country),FSM,1998,89.77144
Micronesia (country),FSM,1999,89.53112
Micronesia (country),FSM,2000,89.23233
Micronesia (country),FSM,2001,88.98539
Micronesia (country),FSM,2002,88.91734
Micronesia (country),FSM,2003,89.04878
Micronesia (country),FSM,2004,89.334366
Micronesia (country),FSM,2005,89.75049
Micronesia (country),FSM,2006,90.30242
Micronesia (country),FSM,2007,90.99512
Micronesia (country),FSM,2008,91.78775
Micronesia (country),FSM,2009,92.62003
Micronesia (country),FSM,2010,92.97223
Micronesia (country),FSM,2011,92.840164
Micronesia (country),FSM,2012,92.67153
Micronesia (country),FSM,2013,92.47871
Micronesia (country),FSM,2014,92.244965
Micronesia (country),FSM,2015,91.97347
Micronesia (country),FSM,2016,91.669106
Micronesia (country),FSM,2017,91.32837
Micronesia (country),FSM,2018,90.971115
Micronesia (country),FSM,2019,181.33516
Micronesia (country),FSM,2020,90.146935
Micronesia (country),FSM,2021,179.15527
Micronesia (country),FSM,2022,178.37712
Moldova,MDA,1990,366.1975
Moldova,MDA,1991,345.5542
Moldova,MDA,1992,282.78296
Moldova,MDA,1993,269.76956
Moldova,MDA,1994,263.8429
Moldova,MDA,1995,271.84897
Moldova,MDA,1996,259.82
Moldova,MDA,1997,195.1539
Moldova,MDA,1998,164.40082
Moldova,MDA,1999,154.26978
Moldova,MDA,2000,148.76141
Moldova,MDA,2001,183.781
Moldova,MDA,2002,166.54851
Moldova,MDA,2003,158.71396
Moldova,MDA,2004,170.51048
Moldova,MDA,2005,167.97588
Moldova,MDA,2006,160.66019
Moldova,MDA,2007,163.57701
Moldova,MDA,2008,169.33443
Moldova,MDA,2009,148.3995
Moldova,MDA,2010,165.1987
Moldova,MDA,2011,185.53513
Moldova,MDA,2012,172.28365
Moldova,MDA,2013,211.2217
Moldova,MDA,2014,230.35167
Moldova,MDA,2015,212.94926
Moldova,MDA,2016,247.08151
Moldova,MDA,2017,259.90292
Moldova,MDA,2018,291.71353
Moldova,MDA,2019,266.66144
Moldova,MDA,2020,247.62677
Moldova,MDA,2021,294.3336
Moldova,MDA,2022,236.8432
Mongolia,MNG,1990,3649.672
Mongolia,MNG,1991,3654.4863
Mongolia,MNG,1992,3577.2825
Mongolia,MNG,1993,3492.3896
Mongolia,MNG,1994,3404.5425
Mongolia,MNG,1995,3480.73
Mongolia,MNG,1996,3549.867
Mongolia,MNG,1997,3674.9731
Mongolia,MNG,1998,3663.8037
Mongolia,MNG,1999,3693.4463
Mongolia,MNG,2000,3730.8843
Mongolia,MNG,2001,3378.1274
Mongolia,MNG,2002,3099.9082
Mongolia,MNG,2003,3093.0178
Mongolia,MNG,2004,3020.2913
Mongolia,MNG,2005,3148.0815
Mongolia,MNG,2006,3327.1936
Mongolia,MNG,2007,3562.1494
Mongolia,MNG,2008,3556.745
Mongolia,MNG,2009,3519.26
Mongolia,MNG,2010,3046.186
Mongolia,MNG,2011,3282.1128
Mongolia,MNG,2012,3441.2903
Mongolia,MNG,2013,3467.8794
Mongolia,MNG,2014,3686.8687
Mongolia,MNG,2015,3823.2463
Mongolia,MNG,2016,3890.4043
Mongolia,MNG,2017,3952.4917
Mongolia,MNG,2018,3857.6716
Mongolia,MNG,2019,3901.4663
Mongolia,MNG,2020,3707.321
Mongolia,MNG,2021,3703.9521
Mongolia,MNG,2022,3833.4146
Montenegro,MNE,1990,225.62195
Montenegro,MNE,1991,208.47899
Montenegro,MNE,1992,159.73676
Montenegro,MNE,1993,159.20854
Montenegro,MNE,1994,158.75787
Montenegro,MNE,1995,190.05806
Montenegro,MNE,1996,189.68582
Montenegro,MNE,1997,205.19652
Montenegro,MNE,1998,189.24489
Montenegro,MNE,1999,173.42499
Montenegro,MNE,2000,157.67946
Montenegro,MNE,2001,173.5013
Montenegro,MNE,2002,173.56537
Montenegro,MNE,2003,157.83751
Montenegro,MNE,2004,205.12625
Montenegro,MNE,2005,189.25684
Montenegro,MNE,2006,205.08742
Montenegro,MNE,2007,189.45732
Montenegro,MNE,2008,173.81549
Montenegro,MNE,2009,173.92816
Montenegro,MNE,2010,174.0264
Montenegro,MNE,2011,158.05554
Montenegro,MNE,2012,173.6259
Montenegro,MNE,2013,157.92824
Montenegro,MNE,2014,158.38397
Montenegro,MNE,2015,175.1188
Montenegro,MNE,2016,176.21259
Montenegro,MNE,2017,177.38731
Montenegro,MNE,2018,162.39091
Montenegro,MNE,2019,163.48659
Montenegro,MNE,2020,148.04239
Montenegro,MNE,2021,149.04265
Montenegro,MNE,2022,130.15558
Morocco,MAR,1990,210.04646
Morocco,MAR,1991,198.39497
Morocco,MAR,1992,176.10335
Morocco,MAR,1993,164.74988
Morocco,MAR,1994,175.37906
Morocco,MAR,1995,158.33675
Morocco,MAR,1996,176.06612
Morocco,MAR,1997,176.01662
Morocco,MAR,1998,178.48326
Morocco,MAR,1999,184.10693
Morocco,MAR,2000,185.05855
Morocco,MAR,2001,184.97537
Morocco,MAR,2002,191.45052
Morocco,MAR,2003,189.37207
Morocco,MAR,2004,194.63812
Morocco,MAR,2005,202.58156
Morocco,MAR,2006,210.58667
Morocco,MAR,2007,191.74983
Morocco,MAR,2008,191.4147
Morocco,MAR,2009,184.82224
Morocco,MAR,2010,186.34302
Morocco,MAR,2011,192.93532
Morocco,MAR,2012,178.38274
Morocco,MAR,2013,195.93002
Morocco,MAR,2014,190.03189
Morocco,MAR,2015,197.93346
Morocco,MAR,2016,162.74805
Morocco,MAR,2017,195.50648
Morocco,MAR,2018,190.57047
Morocco,MAR,2019,179.22777
Morocco,MAR,2020,178.21898
Morocco,MAR,2021,189.96362
Morocco,MAR,2022,173.85915
Mozambique,MOZ,1990,520.828
Mozambique,MOZ,1991,510.03247
Mozambique,MOZ,1992,504.653
Mozambique,MOZ,1993,494.61957
Mozambique,MOZ,1994,466.28104
Mozambique,MOZ,1995,442.96774
Mozambique,MOZ,1996,423.22308
Mozambique,MOZ,1997,368.7318
Mozambique,MOZ,1998,413.48376
Mozambique,MOZ,1999,381.74182
Mozambique,MOZ,2000,344.1875
Mozambique,MOZ,2001,373.83206
Mozambique,MOZ,2002,404.57132
Mozambique,MOZ,2003,399.12384
Mozambique,MOZ,2004,369.95386
Mozambique,MOZ,2005,391.53732
Mozambique,MOZ,2006,354.06595
Mozambique,MOZ,2007,369.2284
Mozambique,MOZ,2008,391.85965
Mozambique,MOZ,2009,336.28458
Mozambique,MOZ,2010,365.66434
Mozambique,MOZ,2011,321.7889
Mozambique,MOZ,2012,320.48846
Mozambique,MOZ,2013,322.13495
Mozambique,MOZ,2014,314.48157
Mozambique,MOZ,2015,287.40854
Mozambique,MOZ,2016,258.25702
Mozambique,MOZ,2017,241.0674
Mozambique,MOZ,2018,271.54953
Mozambique,MOZ,2019,257.99432
Mozambique,MOZ,2020,243.3107
Mozambique,MOZ,2021,242.5271
Mozambique,MOZ,2022,272.84216
Myanmar,MMR,1990,198.1553
Myanmar,MMR,1991,196.3155
Myanmar,MMR,1992,198.04474
Myanmar,MMR,1993,200.47021
Myanmar,MMR,1994,207.82234
Myanmar,MMR,1995,209.83282
Myanmar,MMR,1996,212.25883
Myanmar,MMR,1997,208.88242
Myanmar,MMR,1998,211.03629
Myanmar,MMR,1999,216.3539
Myanmar,MMR,2000,222.56151
Myanmar,MMR,2001,214.76414
Myanmar,MMR,2002,211.1062
Myanmar,MMR,2003,220.9261
Myanmar,MMR,2004,233.70056
Myanmar,MMR,2005,230.61504
Myanmar,MMR,2006,239.8235
Myanmar,MMR,2007,250.18158
Myanmar,MMR,2008,249.01433
Myanmar,MMR,2009,257.7041
Myanmar,MMR,2010,263.54236
Myanmar,MMR,2011,268.3134
Myanmar,MMR,2012,276.29825
Myanmar,MMR,2013,286.495
Myanmar,MMR,2014,301.6872
Myanmar,MMR,2015,298.3026
Myanmar,MMR,2016,304.49146
Myanmar,MMR,2017,333.75122
Myanmar,MMR,2018,204.69753
Myanmar,MMR,2019,213.90286
Myanmar,MMR,2020,230.30556
Myanmar,MMR,2021,216.34439
Myanmar,MMR,2022,186.7671
Namibia,NAM,1990,2190.886
Namibia,NAM,1991,2161.4917
Namibia,NAM,1992,2052.9329
Namibia,NAM,1993,1935.4437
Namibia,NAM,1994,1876.2269
Namibia,NAM,1995,1810.0327
Namibia,NAM,1996,1700.9829
Namibia,NAM,1997,1580.5607
Namibia,NAM,1998,1690.9567
Namibia,NAM,1999,1638.1714
Namibia,NAM,2000,1781.5413
Namibia,NAM,2001,1577.7635
Namibia,NAM,2002,1359.8055
Namibia,NAM,2003,1444.6127
Namibia,NAM,2004,1529.2827
Namibia,NAM,2005,1576.3398
Namibia,NAM,2006,1947.8988
Namibia,NAM,2007,1733.8689
Namibia,NAM,2008,1260.3447
Namibia,NAM,2009,1911.0426
Namibia,NAM,2010,1715.7902
Namibia,NAM,2011,2781.4907
Namibia,NAM,2012,2966.2964
Namibia,NAM,2013,1367.3666
Namibia,NAM,2014,1111.523
Namibia,NAM,2015,1069.7867
Namibia,NAM,2016,1127.41
Namibia,NAM,2017,1120.9269
Namibia,NAM,2018,946.7173
Namibia,NAM,2019,709.3004
Namibia,NAM,2020,1198.3464
Namibia,NAM,2021,1273.7711
Namibia,NAM,2022,892.8361
Nauru,NRU,1990,0
Nauru,NRU,1991,0
Nauru,NRU,1992,0
Nauru,NRU,1993,0
Nauru,NRU,1994,0
Nauru,NRU,1995,0
Nauru,NRU,1996,0
Nauru,NRU,1997,0
Nauru,NRU,1998,0
Nauru,NRU,1999,0
Nauru,NRU,2000,0
Nauru,NRU,2001,0
Nauru,NRU,2002,0
Nauru,NRU,2003,0
Nauru,NRU,2004,0
Nauru,NRU,2005,0
Nauru,NRU,2006,0
Nauru,NRU,2007,0
Nauru,NRU,2008,0
Nauru,NRU,2009,0
Nauru,NRU,2010,0
Nauru,NRU,2011,0
Nauru,NRU,2012,0
Nauru,NRU,2013,0
Nauru,NRU,2014,0
Nauru,NRU,2015,0
Nauru,NRU,2016,0
Nauru,NRU,2017,0
Nauru,NRU,2018,0
Nauru,NRU,2019,0
Nauru,NRU,2020,0
Nauru,NRU,2021,0
Nauru,NRU,2022,0
Nepal,NPL,1990,153.1403
Nepal,NPL,1991,148.22943
Nepal,NPL,1992,147.98851
Nepal,NPL,1993,141.642
Nepal,NPL,1994,146.42581
Nepal,NPL,1995,147.44592
Nepal,NPL,1996,146.86569
Nepal,NPL,1997,146.42892
Nepal,NPL,1998,147.80182
Nepal,NPL,1999,142.17499
Nepal,NPL,2000,138.51257
Nepal,NPL,2001,137.49283
Nepal,NPL,2002,131.0751
Nepal,NPL,2003,129.2394
Nepal,NPL,2004,129.9168
Nepal,NPL,2005,129.23108
Nepal,NPL,2006,129.86803
Nepal,NPL,2007,132.14627
Nepal,NPL,2008,134.8646
Nepal,NPL,2009,140.94855
Nepal,NPL,2010,147.0268
Nepal,NPL,2011,154.74522
Nepal,NPL,2012,155.07584
Nepal,NPL,2013,164.18996
Nepal,NPL,2014,168.399
Nepal,NPL,2015,168.20235
Nepal,NPL,2016,175.63646
Nepal,NPL,2017,172.07368
Nepal,NPL,2018,183.05046
Nepal,NPL,2019,183.00795
Nepal,NPL,2020,184.6956
Nepal,NPL,2021,182.18819
Nepal,NPL,2022,171.62798
Netherlands,NLD,1990,534.8986
Netherlands,NLD,1991,533.1541
Netherlands,NLD,1992,527.5979
Netherlands,NLD,1993,512.0302
Netherlands,NLD,1994,511.44775
Netherlands,NLD,1995,506.9054
Netherlands,NLD,1996,500.63837
Netherlands,NLD,1997,484.6212
Netherlands,NLD,1998,465.02493
Netherlands,NLD,1999,463.60822
Netherlands,NLD,2000,438.3901
Netherlands,NLD,2001,430.0888
Netherlands,NLD,2002,413.80002
Netherlands,NLD,2003,402.03058
Netherlands,NLD,2004,404.85678
Netherlands,NLD,2005,400.22577
Netherlands,NLD,2006,398.93655
Netherlands,NLD,2007,386.53806
Netherlands,NLD,2008,390.4259
Netherlands,NLD,2009,388.3926
Netherlands,NLD,2010,386.37592
Netherlands,NLD,2011,378.61118
Netherlands,NLD,2012,381.90524
Netherlands,NLD,2013,376.02258
Netherlands,NLD,2014,386.96225
Netherlands,NLD,2015,399.8263
Netherlands,NLD,2016,390.5911
Netherlands,NLD,2017,377.69897
Netherlands,NLD,2018,356.4605
Netherlands,NLD,2019,355.80887
Netherlands,NLD,2020,352.67303
Netherlands,NLD,2021,344.60266
Netherlands,NLD,2022,337.9054
New Zealand,NZL,1990,3788.6582
New Zealand,NZL,1991,3634.083
New Zealand,NZL,1992,3535.9937
New Zealand,NZL,1993,3467.0833
New Zealand,NZL,1994,3526.621
New Zealand,NZL,1995,3567.8962
New Zealand,NZL,1996,3408.0706
New Zealand,NZL,1997,3346.6157
New Zealand,NZL,1998,3240.2996
New Zealand,NZL,1999,3308.512
New Zealand,NZL,2000,3266.3
New Zealand,NZL,2001,3271.011
New Zealand,NZL,2002,3287.6787
New Zealand,NZL,2003,3306.3318
New Zealand,NZL,2004,3259.1301
New Zealand,NZL,2005,3233.372
New Zealand,NZL,2006,3156.4275
New Zealand,NZL,2007,3092.3906
New Zealand,NZL,2008,2975.2554
New Zealand,NZL,2009,2899.4233
New Zealand,NZL,2010,2916.4404
New Zealand,NZL,2011,2911.448
New Zealand,NZL,2012,2917.2546
New Zealand,NZL,2013,2885.14
New Zealand,NZL,2014,2887.4795
New Zealand,NZL,2015,2793.6504
New Zealand,NZL,2016,2719.1157
New Zealand,NZL,2017,2669.9917
New Zealand,NZL,2018,2628.1208
New Zealand,NZL,2019,2567.438
New Zealand,NZL,2020,2518.79
New Zealand,NZL,2021,2470.7822
New Zealand,NZL,2022,2410.4927
Nicaragua,NIC,1990,418.01138
Nicaragua,NIC,1991,333.36182
Nicaragua,NIC,1992,353.4517
Nicaragua,NIC,1993,374.96634
Nicaragua,NIC,1994,353.8993
Nicaragua,NIC,1995,325.22546
Nicaragua,NIC,1996,304.4411
Nicaragua,NIC,1997,313.95712
Nicaragua,NIC,1998,307.14676
Nicaragua,NIC,1999,341.13705
Nicaragua,NIC,2000,344.44064
Nicaragua,NIC,2001,340.02728
Nicaragua,NIC,2002,366.99643
Nicaragua,NIC,2003,395.31985
Nicaragua,NIC,2004,364.12537
Nicaragua,NIC,2005,391.23132
Nicaragua,NIC,2006,383.84476
Nicaragua,NIC,2007,376.5521
Nicaragua,NIC,2008,367.6077
Nicaragua,NIC,2009,374.7833
Nicaragua,NIC,2010,374.7309
Nicaragua,NIC,2011,409.0014
Nicaragua,NIC,2012,425.33072
Nicaragua,NIC,2013,416.11993
Nicaragua,NIC,2014,441.7709
Nicaragua,NIC,2015,448.82303
Nicaragua,NIC,2016,454.05945
Nicaragua,NIC,2017,454.38458
Nicaragua,NIC,2018,435.93246
Nicaragua,NIC,2019,441.10886
Nicaragua,NIC,2020,463.04285
Nicaragua,NIC,2021,451.4846
Nicaragua,NIC,2022,442.7499
Niger,NER,1990,380.15628
Niger,NER,1991,382.59485
Niger,NER,1992,387.8592
Niger,NER,1993,390.07605
Niger,NER,1994,389.43356
Niger,NER,1995,395.28387
Niger,NER,1996,399.20966
Niger,NER,1997,394.83908
Niger,NER,1998,405.90552
Niger,NER,1999,409.26785
Niger,NER,2000,410.96008
Niger,NER,2001,419.44028
Niger,NER,2002,419.46207
Niger,NER,2003,421.19315
Niger,NER,2004,420.62912
Niger,NER,2005,426.71692
Niger,NER,2006,428.91434
Niger,NER,2007,432.32715
Niger,NER,2008,438.7472
Niger,NER,2009,437.164
Niger,NER,2010,417.5521
Niger,NER,2011,412.7784
Niger,NER,2012,423.84354
Niger,NER,2013,425.48828
Niger,NER,2014,432.454
Niger,NER,2015,432.3078
Niger,NER,2016,439.43277
Niger,NER,2017,443.1911
Niger,NER,2018,450.69257
Niger,NER,2019,453.63895
Niger,NER,2020,460.4173
Niger,NER,2021,464.44913
Niger,NER,2022,473.2937
Nigeria,NGA,1990,148.26877
Nigeria,NGA,1991,146.71056
Nigeria,NGA,1992,145.25345
Nigeria,NGA,1993,146.11583
Nigeria,NGA,1994,144.53047
Nigeria,NGA,1995,141.04025
Nigeria,NGA,1996,145.22467
Nigeria,NGA,1997,145.51865
Nigeria,NGA,1998,152.77907
Nigeria,NGA,1999,149.77977
Nigeria,NGA,2000,147.33054
Nigeria,NGA,2001,141.6112
Nigeria,NGA,2002,139.28015
Nigeria,NGA,2003,141.68823
Nigeria,NGA,2004,138.17105
Nigeria,NGA,2005,146.25845
Nigeria,NGA,2006,141.26895
Nigeria,NGA,2007,133.7533
Nigeria,NGA,2008,132.68185
Nigeria,NGA,2009,124.90013
Nigeria,NGA,2010,131.95883
Nigeria,NGA,2011,132.27945
Nigeria,NGA,2012,132.97342
Nigeria,NGA,2013,133.11281
Nigeria,NGA,2014,131.73967
Nigeria,NGA,2015,128.02097
Nigeria,NGA,2016,134.61678
Nigeria,NGA,2017,136.12672
Nigeria,NGA,2018,133.50331
Nigeria,NGA,2019,132.32411
Nigeria,NGA,2020,137.8062
Nigeria,NGA,2021,132.79684
Nigeria,NGA,2022,124.71381
Niue,NIU,1990,0
Niue,NIU,1991,0
Niue,NIU,1992,0
Niue,NIU,1993,0
Niue,NIU,1994,0
Niue,NIU,1995,0
Niue,NIU,1996,0
Niue,NIU,1997,0
Niue,NIU,1998,0
Niue,NIU,1999,0
Niue,NIU,2000,0
Niue,NIU,2001,0
Niue,NIU,2002,0
Niue,NIU,2003,0
Niue,NIU,2004,0
Niue,NIU,2005,0
Niue,NIU,2006,0
Niue,NIU,2007,0
Niue,NIU,2008,0
Niue,NIU,2009,0
Niue,NIU,2010,0
Niue,NIU,2011,0
Niue,NIU,2012,0
Niue,NIU,2013,0
Niue,NIU,2014,0
Niue,NIU,2015,0
Niue,NIU,2016,0
Niue,NIU,2017,0
Niue,NIU,2018,0
Niue,NIU,2019,0
Niue,NIU,2020,0
Niue,NIU,2021,0
Niue,NIU,2022,0
North America,,1990,492.36548
North America,,1991,474.30533
North America,,1992,478.91098
North America,,1993,474.89206
North America,,1994,478.2965
North America,,1995,468.2232
North America,,1996,476.0423
North America,,1997,469.04056
North America,,1998,468.04404
North America,,1999,457.58502
North America,,2000,445.54904
North America,,2001,438.14783
North America,,2002,431.68573
North America,,2003,443.3854
North America,,2004,433.91257
North America,,2005,432.8541
North America,,2006,432.2819
North America,,2007,434.90414
North America,,2008,416.78424
North America,,2009,418.88522
North America,,2010,420.60858
North America,,2011,429.60416
North America,,2012,424.02478
North America,,2013,423.2508
North America,,2014,416.25616
North America,,2015,410.78357
North America,,2016,417.0282
North America,,2017,411.29456
North America,,2018,413.93802
North America,,2019,403.77097
North America,,2020,412.03464
North America,,2021,405.12494
North America,,2022,392.13623
North Korea,PRK,1990,236.83063
North Korea,PRK,1991,236.59929
North Korea,PRK,1992,228.03642
North Korea,PRK,1993,218.81586
North Korea,PRK,1994,129.05261
North Korea,PRK,1995,64.40427
North Korea,PRK,1996,53.284992
North Korea,PRK,1997,70.096985
North Korea,PRK,1998,70.780304
North Korea,PRK,1999,78.30589
North Korea,PRK,2000,81.97446
North Korea,PRK,2001,89.85796
North Korea,PRK,2002,64.73444
North Korea,PRK,2003,60.19
North Korea,PRK,2004,71.32566
North Korea,PRK,2005,69.27242
North Korea,PRK,2006,75.02699
North Korea,PRK,2007,65.32398
North Korea,PRK,2008,66.62731
North Korea,PRK,2009,72.3521
North Korea,PRK,2010,78.03978
North Korea,PRK,2011,86.85994
North Korea,PRK,2012,77.34493
North Korea,PRK,2013,77.77506
North Korea,PRK,2014,72.29504
North Korea,PRK,2015,67.25224
North Korea,PRK,2016,74.713036
North Korea,PRK,2017,72.4309
North Korea,PRK,2018,83.29749
North Korea,PRK,2019,62.601696
North Korea,PRK,2020,52.800102
North Korea,PRK,2021,50.319206
North Korea,PRK,2022,45.577393
North Macedonia,MKD,1990,368.27237
North Macedonia,MKD,1991,335.60278
North Macedonia,MKD,1992,226.32048
North Macedonia,MKD,1993,229.2146
North Macedonia,MKD,1994,341.25085
North Macedonia,MKD,1995,310.22787
North Macedonia,MKD,1996,313.03522
North Macedonia,MKD,1997,286.31174
North Macedonia,MKD,1998,265.02094
North Macedonia,MKD,1999,244.13014
North Macedonia,MKD,2000,228.45988
North Macedonia,MKD,2001,203.26186
North Macedonia,MKD,2002,187.99873
North Macedonia,MKD,2003,192.17677
North Macedonia,MKD,2004,215.6638
North Macedonia,MKD,2005,210.54556
North Macedonia,MKD,2006,210.6037
North Macedonia,MKD,2007,206.53496
North Macedonia,MKD,2008,197.98758
North Macedonia,MKD,2009,194.11813
North Macedonia,MKD,2010,199.85278
North Macedonia,MKD,2011,200.93655
North Macedonia,MKD,2012,187.44254
North Macedonia,MKD,2013,198.68076
North Macedonia,MKD,2014,205.22144
North Macedonia,MKD,2015,201.98286
North Macedonia,MKD,2016,219.24593
North Macedonia,MKD,2017,216.39702
North Macedonia,MKD,2018,208.36264
North Macedonia,MKD,2019,194.97871
North Macedonia,MKD,2020,213.67282
North Macedonia,MKD,2021,178.27151
North Macedonia,MKD,2022,168.45665
Norway,NOR,1990,587.06476
Norway,NOR,1991,588.97815
Norway,NOR,1992,580.9267
Norway,NOR,1993,575.1573
Norway,NOR,1994,576.50616
Norway,NOR,1995,578.1154
Norway,NOR,1996,577.47565
Norway,NOR,1997,574.3489
Norway,NOR,1998,561.9108
Norway,NOR,1999,555.8309
Norway,NOR,2000,550.00555
Norway,NOR,2001,542.798
Norway,NOR,2002,537.67993
Norway,NOR,2003,543.3037
Norway,NOR,2004,540.1004
Norway,NOR,2005,536.43427
Norway,NOR,2006,527.84186
Norway,NOR,2007,524.52563
Norway,NOR,2008,520.12366
Norway,NOR,2009,492.89395
Norway,NOR,2010,480.65515
Norway,NOR,2011,484.55786
Norway,NOR,2012,478.23505
Norway,NOR,2013,472.42926
Norway,NOR,2014,474.9487
Norway,NOR,2015,475.93567
Norway,NOR,2016,475.5562
Norway,NOR,2017,469.9812
Norway,NOR,2018,463.1241
Norway,NOR,2019,467.48782
Norway,NOR,2020,462.88766
Norway,NOR,2021,462.2711
Norway,NOR,2022,456.31174
Oceania,,1990,2973.2412
Oceania,,1991,2898.7385
Oceania,,1992,2788.4446
Oceania,,1993,2732.4338
Oceania,,1994,2730.8914
Oceania,,1995,2646.315
Oceania,,1996,2447.9043
Oceania,,1997,2402.8347
Oceania,,1998,2462.8477
Oceania,,1999,2928.4216
Oceania,,2000,3111.3484
Oceania,,2001,3342.2056
Oceania,,2002,3102.3276
Oceania,,2003,1978.4425
Oceania,,2004,2565.6016
Oceania,,2005,1933.964
Oceania,,2006,2381.851
Oceania,,2007,2217.104
Oceania,,2008,1765.6554
Oceania,,2009,1827.6445
Oceania,,2010,1524.3965
Oceania,,2011,2730.7927
Oceania,,2012,2691.7913
Oceania,,2013,1691.138
Oceania,,2014,1944.1993
Oceania,,2015,1821.74
Oceania,,2016,1471.6826
Oceania,,2017,1912.1495
Oceania,,2018,1842.3234
Oceania,,2019,1484.9027
Oceania,,2020,1277.924
Oceania,,2021,1476.2601
Oceania,,2022,1489.2448
Oman,OMN,1990,119.050514
Oman,OMN,1991,124.22521
Oman,OMN,1992,123.82367
Oman,OMN,1993,128.6061
Oman,OMN,1994,134.49648
Oman,OMN,1995,136.7582
Oman,OMN,1996,134.45067
Oman,OMN,1997,132.3762
Oman,OMN,1998,143.98251
Oman,OMN,1999,146.47723
Oman,OMN,2000,140.21933
Oman,OMN,2001,147.17194
Oman,OMN,2002,145.4767
Oman,OMN,2003,143.83614
Oman,OMN,2004,153.85754
Oman,OMN,2005,166.67967
Oman,OMN,2006,167.01169
Oman,OMN,2007,163.413
Oman,OMN,2008,171.32831
Oman,OMN,2009,163.89381
Oman,OMN,2010,166.8208
Oman,OMN,2011,152.758
Oman,OMN,2012,135.32166
Oman,OMN,2013,143.4565
Oman,OMN,2014,134.91757
Oman,OMN,2015,133.8145
Oman,OMN,2016,127.53708
Oman,OMN,2017,125.62269
Oman,OMN,2018,128.32005
Oman,OMN,2019,130.68343
Oman,OMN,2020,134.88109
Oman,OMN,2021,139.98665
Oman,OMN,2022,137.41406
Pakistan,PAK,1990,193.27525
Pakistan,PAK,1991,191.15378
Pakistan,PAK,1992,196.84839
Pakistan,PAK,1993,196.66176
Pakistan,PAK,1994,198.16736
Pakistan,PAK,1995,208.34842
Pakistan,PAK,1996,203.021
Pakistan,PAK,1997,204.37544
Pakistan,PAK,1998,200.10599
Pakistan,PAK,1999,202.10489
Pakistan,PAK,2000,201.44742
Pakistan,PAK,2001,198.15294
Pakistan,PAK,2002,199.84982
Pakistan,PAK,2003,201.18454
Pakistan,PAK,2004,202.93544
Pakistan,PAK,2005,209.74252
Pakistan,PAK,2006,212.65265
Pakistan,PAK,2007,206.83685
Pakistan,PAK,2008,211.18832
Pakistan,PAK,2009,225.23294
Pakistan,PAK,2010,215.87132
Pakistan,PAK,2011,215.36612
Pakistan,PAK,2012,205.37675
Pakistan,PAK,2013,216.32227
Pakistan,PAK,2014,215.20116
Pakistan,PAK,2015,216.66809
Pakistan,PAK,2016,220.5426
Pakistan,PAK,2017,227.79189
Pakistan,PAK,2018,228.4416
Pakistan,PAK,2019,230.9783
Pakistan,PAK,2020,233.31743
Pakistan,PAK,2021,239.39589
Pakistan,PAK,2022,238.65343
Palau,PLW,1991,0
Palau,PLW,1992,0
Palau,PLW,1993,0
Palau,PLW,1994,0
Palau,PLW,1995,0
Palau,PLW,1996,0
Palau,PLW,1997,0
Palau,PLW,1998,0
Palau,PLW,1999,0
Palau,PLW,2000,0
Palau,PLW,2001,0
Palau,PLW,2002,0
Palau,PLW,2003,0
Palau,PLW,2004,0
Palau,PLW,2005,0
Palau,PLW,2006,0
Palau,PLW,2007,0
Palau,PLW,2008,0
Palau,PLW,2009,0
Palau,PLW,2010,0
Palau,PLW,2011,0
Palau,PLW,2012,0
Palau,PLW,2013,0
Palau,PLW,2014,0
Palau,PLW,2015,0
Palau,PLW,2016,0
Palau,PLW,2017,0
Palau,PLW,2018,0
Palau,PLW,2019,0
Palau,PLW,2020,0
Palau,PLW,2021,0
Palau,PLW,2022,0
Panama,PAN,1990,346.1493
Panama,PAN,1991,334.89175
Panama,PAN,1992,351.3783
Panama,PAN,1993,351.80313
Panama,PAN,1994,329.6442
Panama,PAN,1995,322.98853
Panama,PAN,1996,327.3113
Panama,PAN,1997,296.1185
Panama,PAN,1998,297.175
Panama,PAN,1999,284.5702
Panama,PAN,2000,275.71307
Panama,PAN,2001,299.7187
Panama,PAN,2002,293.99142
Panama,PAN,2003,297.8231
Panama,PAN,2004,282.9761
Panama,PAN,2005,277.69193
Panama,PAN,2006,278.51654
Panama,PAN,2007,264.72806
Panama,PAN,2008,274.2351
Panama,PAN,2009,272.13687
Panama,PAN,2010,272.83725
Panama,PAN,2011,268.03778
Panama,PAN,2012,279.3102
Panama,PAN,2013,279.71423
Panama,PAN,2014,251.7921
Panama,PAN,2015,244.9474
Panama,PAN,2016,230.82164
Panama,PAN,2017,226.90099
Panama,PAN,2018,235.13266
Panama,PAN,2019,231.42146
Panama,PAN,2020,239.91104
Panama,PAN,2021,248.53812
Panama,PAN,2022,227.2327
Papua New Guinea,PNG,1990,277.17313
Papua New Guinea,PNG,1991,271.02023
Papua New Guinea,PNG,1992,263.99777
Papua New Guinea,PNG,1993,256.89212
Papua New Guinea,PNG,1994,247.75624
Papua New Guinea,PNG,1995,258.38226
Papua New Guinea,PNG,1996,240.99574
Papua New Guinea,PNG,1997,248.60226
Papua New Guinea,PNG,1998,224.52815
Papua New Guinea,PNG,1999,228.06583
Papua New Guinea,PNG,2000,229.36327
Papua New Guinea,PNG,2001,226.93771
Papua New Guinea,PNG,2002,231.26227
Papua New Guinea,PNG,2003,228.60857
Papua New Guinea,PNG,2004,241.78094
Papua New Guinea,PNG,2005,212.67139
Papua New Guinea,PNG,2006,211.9233
Papua New Guinea,PNG,2007,193.87212
Papua New Guinea,PNG,2008,186.55153
Papua New Guinea,PNG,2009,186.32428
Papua New Guinea,PNG,2010,179.4715
Papua New Guinea,PNG,2011,167.95285
Papua New Guinea,PNG,2012,167.05035
Papua New Guinea,PNG,2013,163.80214
Papua New Guinea,PNG,2014,165.42616
Papua New Guinea,PNG,2015,170.41724
Papua New Guinea,PNG,2016,150.64078
Papua New Guinea,PNG,2017,152.52676
Papua New Guinea,PNG,2018,159.66759
Papua New Guinea,PNG,2019,148.81859
Papua New Guinea,PNG,2020,143.64679
Papua New Guinea,PNG,2021,141.81708
Papua New Guinea,PNG,2022,143.09268
Paraguay,PRY,1990,1199.2809
Paraguay,PRY,1991,1090.6362
Paraguay,PRY,1992,1088.4877
Paraguay,PRY,1993,1143.7855
Paraguay,PRY,1994,1165.1771
Paraguay,PRY,1995,1207.4756
Paraguay,PRY,1996,1096.5239
Paraguay,PRY,1997,1080.4237
Paraguay,PRY,1998,1073.4633
Paraguay,PRY,1999,1097.311
Paraguay,PRY,2000,972.3822
Paraguay,PRY,2001,1121.8866
Paraguay,PRY,2002,1085.2761
Paraguay,PRY,2003,1180.902
Paraguay,PRY,2004,1046.7355
Paraguay,PRY,2005,1110.4789
Paraguay,PRY,2006,1095.339
Paraguay,PRY,2007,1239.3457
Paraguay,PRY,2008,1120.4977
Paraguay,PRY,2009,1137.3168
Paraguay,PRY,2010,1237.3707
Paraguay,PRY,2011,1282.9703
Paraguay,PRY,2012,1273.5266
Paraguay,PRY,2013,1358.9757
Paraguay,PRY,2014,1377.3063
Paraguay,PRY,2015,1332.9857
Paraguay,PRY,2016,1321.7842
Paraguay,PRY,2017,1408.8156
Paraguay,PRY,2018,1275.7916
Paraguay,PRY,2019,1295.4602
Paraguay,PRY,2020,1400.7212
Paraguay,PRY,2021,1315.0446
Paraguay,PRY,2022,1174.4763
Peru,PER,1990,210.76756
Peru,PER,1991,199.69948
Peru,PER,1992,193.49487
Peru,PER,1993,197.74678
Peru,PER,1994,201.8299
Peru,PER,1995,211.91902
Peru,PER,1996,213.61343
Peru,PER,1997,214.0527
Peru,PER,1998,218.35332
Peru,PER,1999,224.5432
Peru,PER,2000,230.08965
Peru,PER,2001,227.33502
Peru,PER,2002,231.23538
Peru,PER,2003,231.32298
Peru,PER,2004,229.78445
Peru,PER,2005,228.10434
Peru,PER,2006,231.95477
Peru,PER,2007,241.84473
Peru,PER,2008,235.03572
Peru,PER,2009,247.43208
Peru,PER,2010,239.97783
Peru,PER,2011,242.96954
Peru,PER,2012,239.92934
Peru,PER,2013,239.11806
Peru,PER,2014,234.0962
Peru,PER,2015,237.7075
Peru,PER,2016,234.8825
Peru,PER,2017,237.83194
Peru,PER,2018,221.01984
Peru,PER,2019,232.67065
Peru,PER,2020,227.78088
Peru,PER,2021,233.14113
Peru,PER,2022,225.23978
Philippines,PHL,1990,105.48143
Philippines,PHL,1991,93.97
Philippines,PHL,1992,96.31992
Philippines,PHL,1993,99.65849
Philippines,PHL,1994,99.53738
Philippines,PHL,1995,99.08394
Philippines,PHL,1996,106.385574
Philippines,PHL,1997,111.894646
Philippines,PHL,1998,97.373
Philippines,PHL,1999,102.503746
Philippines,PHL,2000,101.85191
Philippines,PHL,2001,101.71804
Philippines,PHL,2002,97.26866
Philippines,PHL,2003,104.80122
Philippines,PHL,2004,108.10873
Philippines,PHL,2005,101.231636
Philippines,PHL,2006,94.18049
Philippines,PHL,2007,96.73328
Philippines,PHL,2008,88.67401
Philippines,PHL,2009,89.20979
Philippines,PHL,2010,95.91318
Philippines,PHL,2011,88.65265
Philippines,PHL,2012,84.25212
Philippines,PHL,2013,85.72016
Philippines,PHL,2014,88.27458
Philippines,PHL,2015,83.180626
Philippines,PHL,2016,87.41216
Philippines,PHL,2017,94.33989
Philippines,PHL,2018,87.60769
Philippines,PHL,2019,89.797646
Philippines,PHL,2020,91.005394
Philippines,PHL,2021,87.9745
Philippines,PHL,2022,90.99337
Poland,POL,1990,481.4028
Poland,POL,1991,451.86548
Poland,POL,1992,446.98862
Poland,POL,1993,446.27374
Poland,POL,1994,451.69672
Poland,POL,1995,454.06363
Poland,POL,1996,452.56464
Poland,POL,1997,467.5565
Poland,POL,1998,446.42822
Poland,POL,1999,437.4771
Poland,POL,2000,431.54288
Poland,POL,2001,425.38885
Poland,POL,2002,432.38968
Poland,POL,2003,430.32678
Poland,POL,2004,429.42215
Poland,POL,2005,443.54822
Poland,POL,2006,450.4721
Poland,POL,2007,468.95853
Poland,POL,2008,457.41772
Poland,POL,2009,444.9748
Poland,POL,2010,457.01108
Poland,POL,2011,449.63647
Poland,POL,2012,457.8033
Poland,POL,2013,444.85956
Poland,POL,2014,437.4742
Poland,POL,2015,440.85776
Poland,POL,2016,457.8805
Poland,POL,2017,468.69736
Poland,POL,2018,438.01074
Poland,POL,2019,447.8641
Poland,POL,2020,440.12463
Poland,POL,2021,434.53915
Poland,POL,2022,433.23386
Portugal,PRT,1990,251.26317
Portugal,PRT,1991,242.74814
Portugal,PRT,1992,234.93161
Portugal,PRT,1993,232.64346
Portugal,PRT,1994,233.03525
Portugal,PRT,1995,230.26875
Portugal,PRT,1996,235.40733
Portugal,PRT,1997,226.49612
Portugal,PRT,1998,231.31004
Portugal,PRT,1999,226.14075
Portugal,PRT,2000,219.77603
Portugal,PRT,2001,198.95059
Portugal,PRT,2002,196.86844
Portugal,PRT,2003,195.13602
Portugal,PRT,2004,187.95224
Portugal,PRT,2005,187.56558
Portugal,PRT,2006,185.2886
Portugal,PRT,2007,196.26764
Portugal,PRT,2008,192.16049
Portugal,PRT,2009,186.26614
Portugal,PRT,2010,183.38809
Portugal,PRT,2011,181.86899
Portugal,PRT,2012,188.33548
Portugal,PRT,2013,190.27972
Portugal,PRT,2014,202.76367
Portugal,PRT,2015,201.53778
Portugal,PRT,2016,199.1035
Portugal,PRT,2017,206.17883
Portugal,PRT,2018,198.54039
Portugal,PRT,2019,204.96521
Portugal,PRT,2020,204.42563
Portugal,PRT,2021,196.32455
Portugal,PRT,2022,171.83328
Qatar,QAT,1990,113.58887
Qatar,QAT,1991,109.923935
Qatar,QAT,1992,127.75281
Qatar,QAT,1993,123.82546
Qatar,QAT,1994,180.19138
Qatar,QAT,1995,174.98358
Qatar,QAT,1996,132.31914
Qatar,QAT,1997,127.15459
Qatar,QAT,1998,120.576775
Qatar,QAT,1999,114.28385
Qatar,QAT,2000,108.52831
Qatar,QAT,2001,88.50419
Qatar,QAT,2002,84.36267
Qatar,QAT,2003,80.570435
Qatar,QAT,2004,77.585434
Qatar,QAT,2005,60.5753
Qatar,QAT,2006,51.395863
Qatar,QAT,2007,49.644173
Qatar,QAT,2008,42.04796
Qatar,QAT,2009,50.43971
Qatar,QAT,2010,46.80448
Qatar,QAT,2011,49.6974
Qatar,QAT,2012,52.43503
Qatar,QAT,2013,54.116547
Qatar,QAT,2014,49.585777
Qatar,QAT,2015,57.676304
Qatar,QAT,2016,73.0943
Qatar,QAT,2017,73.89028
Qatar,QAT,2018,90.54218
Qatar,QAT,2019,92.92594
Qatar,QAT,2020,99.87961
Qatar,QAT,2021,95.91515
Qatar,QAT,2022,86.43144
Romania,ROU,1990,504.80545
Romania,ROU,1991,366.49005
Romania,ROU,1992,348.71964
Romania,ROU,1993,339.72125
Romania,ROU,1994,301.01624
Romania,ROU,1995,290.40872
Romania,ROU,1996,284.8028
Romania,ROU,1997,289.5833
Romania,ROU,1998,276.86908
Romania,ROU,1999,254.8931
Romania,ROU,2000,250.83617
Romania,ROU,2001,269.61783
Romania,ROU,2002,247.5882
Romania,ROU,2003,253.31757
Romania,ROU,2004,289.6761
Romania,ROU,2005,294.15375
Romania,ROU,2006,277.62286
Romania,ROU,2007,267.3603
Romania,ROU,2008,295.38467
Romania,ROU,2009,293.5327
Romania,ROU,2010,296.58524
Romania,ROU,2011,293.8565
Romania,ROU,2012,271.3502
Romania,ROU,2013,305.53888
Romania,ROU,2014,299.97726
Romania,ROU,2015,313.52194
Romania,ROU,2016,318.5511
Romania,ROU,2017,341.3003
Romania,ROU,2018,371.97913
Romania,ROU,2019,368.176
Romania,ROU,2020,342.401
Romania,ROU,2021,377.69846
Romania,ROU,2022,343.82413
Russia,RUS,1990,530.0057
Russia,RUS,1991,497.22836
Russia,RUS,1992,473.35413
Russia,RUS,1993,439.9353
Russia,RUS,1994,370.91586
Russia,RUS,1995,340.81543
Russia,RUS,1996,321.16782
Russia,RUS,1997,299.01166
Russia,RUS,1998,275.88208
Russia,RUS,1999,261.6781
Russia,RUS,2000,267.72485
Russia,RUS,2001,283.40247
Russia,RUS,2002,280.1161
Russia,RUS,2003,285.95096
Russia,RUS,2004,259.60858
Russia,RUS,2005,258.3717
Russia,RUS,2006,258.00998
Russia,RUS,2007,263.65955
Russia,RUS,2008,293.29993
Russia,RUS,2009,279.00357
Russia,RUS,2010,266.51016
Russia,RUS,2011,279.63724
Russia,RUS,2012,270.7029
Russia,RUS,2013,272.12228
Russia,RUS,2014,289.18277
Russia,RUS,2015,280.50836
Russia,RUS,2016,294.21313
Russia,RUS,2017,296.94885
Russia,RUS,2018,296.2505
Russia,RUS,2019,307.91684
Russia,RUS,2020,322.26263
Russia,RUS,2021,325.22797
Russia,RUS,2022,332.05136
Rwanda,RWA,1990,75.92898
Rwanda,RWA,1991,77.0563
Rwanda,RWA,1992,74.1872
Rwanda,RWA,1993,67.65949
Rwanda,RWA,1994,73.61214
Rwanda,RWA,1995,75.78271
Rwanda,RWA,1996,70.05758
Rwanda,RWA,1997,64.472565
Rwanda,RWA,1998,65.58035
Rwanda,RWA,1999,72.41114
Rwanda,RWA,2000,74.26403
Rwanda,RWA,2001,79.641945
Rwanda,RWA,2002,83.3315
Rwanda,RWA,2003,89.67171
Rwanda,RWA,2004,95.272125
Rwanda,RWA,2005,99.397736
Rwanda,RWA,2006,106.46019
Rwanda,RWA,2007,110.99545
Rwanda,RWA,2008,114.23596
Rwanda,RWA,2009,114.309135
Rwanda,RWA,2010,119.21423
Rwanda,RWA,2011,111.5972
Rwanda,RWA,2012,113.57442
Rwanda,RWA,2013,114.4831
Rwanda,RWA,2014,108.22932
Rwanda,RWA,2015,125.429276
Rwanda,RWA,2016,117.45771
Rwanda,RWA,2017,118.01285
Rwanda,RWA,2018,111.306854
Rwanda,RWA,2019,110.3623
Rwanda,RWA,2020,110.211075
Rwanda,RWA,2021,100.335
Rwanda,RWA,2022,91.568214
Saint Kitts and Nevis,KNA,1990,247.18211
Saint Kitts and Nevis,KNA,1991,247.63509
Saint Kitts and Nevis,KNA,1992,245.459
Saint Kitts and Nevis,KNA,1993,242.33025
Saint Kitts and Nevis,KNA,1994,239.2459
Saint Kitts and Nevis,KNA,1995,236.14423
Saint Kitts and Nevis,KNA,1996,233.08392
Saint Kitts and Nevis,KNA,1997,230.1337
Saint Kitts and Nevis,KNA,1998,227.17978
Saint Kitts and Nevis,KNA,1999,224.08963
Saint Kitts and Nevis,KNA,2000,220.88708
Saint Kitts and Nevis,KNA,2001,218.41214
Saint Kitts and Nevis,KNA,2002,217.16469
Saint Kitts and Nevis,KNA,2003,216.45021
Saint Kitts and Nevis,KNA,2004,215.81026
Saint Kitts and Nevis,KNA,2005,215.24355
Saint Kitts and Nevis,KNA,2006,214.62912
Saint Kitts and Nevis,KNA,2007,213.97697
Saint Kitts and Nevis,KNA,2008,213.41528
Saint Kitts and Nevis,KNA,2009,213.03337
Saint Kitts and Nevis,KNA,2010,213.35153
Saint Kitts and Nevis,KNA,2011,213.14235
Saint Kitts and Nevis,KNA,2012,0
Saint Kitts and Nevis,KNA,2013,0
Saint Kitts and Nevis,KNA,2014,0
Saint Kitts and Nevis,KNA,2015,0
Saint Kitts and Nevis,KNA,2016,0
Saint Kitts and Nevis,KNA,2017,0
Saint Kitts and Nevis,KNA,2018,0
Saint Kitts and Nevis,KNA,2019,0
Saint Kitts and Nevis,KNA,2020,0
Saint Kitts and Nevis,KNA,2021,0
Saint Kitts and Nevis,KNA,2022,213.98613
Saint Lucia,LCA,1990,145.05998
Saint Lucia,LCA,1991,214.99828
Saint Lucia,LCA,1992,211.82101
Saint Lucia,LCA,1993,139.14496
Saint Lucia,LCA,1994,68.53963
Saint Lucia,LCA,1995,67.46409
Saint Lucia,LCA,1996,66.465935
Saint Lucia,LCA,1997,65.53767
Saint Lucia,LCA,1998,129.29251
Saint Lucia,LCA,1999,63.80847
Saint Lucia,LCA,2000,63.04216
Saint Lucia,LCA,2001,62.403664
Saint Lucia,LCA,2002,61.860134
Saint Lucia,LCA,2003,61.35534
Saint Lucia,LCA,2004,60.8828
Saint Lucia,LCA,2005,60.437565
Saint Lucia,LCA,2006,60.00348
Saint Lucia,LCA,2007,59.60683
Saint Lucia,LCA,2008,59.23609
Saint Lucia,LCA,2009,58.86508
Saint Lucia,LCA,2010,58.50656
Saint Lucia,LCA,2011,58.202473
Saint Lucia,LCA,2012,57.939106
Saint Lucia,LCA,2013,57.676777
Saint Lucia,LCA,2014,57.42341
Saint Lucia,LCA,2015,57.169315
Saint Lucia,LCA,2016,56.931072
Saint Lucia,LCA,2017,56.70477
Saint Lucia,LCA,2018,56.48696
Saint Lucia,LCA,2019,56.282536
Saint Lucia,LCA,2020,56.09752
Saint Lucia,LCA,2021,56.009857
Saint Lucia,LCA,2022,55.930286
Saint Vincent and the Grenadines,VCT,1990,89.42544
Saint Vincent and the Grenadines,VCT,1991,89.09797
Saint Vincent and the Grenadines,VCT,1992,88.86993
Saint Vincent and the Grenadines,VCT,1993,88.68944
Saint Vincent and the Grenadines,VCT,1994,88.54807
Saint Vincent and the Grenadines,VCT,1995,88.44548
Saint Vincent and the Grenadines,VCT,1996,88.38919
Saint Vincent and the Grenadines,VCT,1997,88.37201
Saint Vincent and the Grenadines,VCT,1998,88.343124
Saint Vincent and the Grenadines,VCT,1999,88.19586
Saint Vincent and the Grenadines,VCT,2000,88.058395
Saint Vincent and the Grenadines,VCT,2001,88.10107
Saint Vincent and the Grenadines,VCT,2002,88.21065
Saint Vincent and the Grenadines,VCT,2003,88.379036
Saint Vincent and the Grenadines,VCT,2004,88.60849
Saint Vincent and the Grenadines,VCT,2005,88.91655
Saint Vincent and the Grenadines,VCT,2006,89.26419
Saint Vincent and the Grenadines,VCT,2007,89.65072
Saint Vincent and the Grenadines,VCT,2008,90.051956
Saint Vincent and the Grenadines,VCT,2009,90.48054
Saint Vincent and the Grenadines,VCT,2010,90.93058
Saint Vincent and the Grenadines,VCT,2011,91.43526
Saint Vincent and the Grenadines,VCT,2012,91.951485
Saint Vincent and the Grenadines,VCT,2013,92.45904
Saint Vincent and the Grenadines,VCT,2014,92.975685
Saint Vincent and the Grenadines,VCT,2015,93.47978
Saint Vincent and the Grenadines,VCT,2016,94.015884
Saint Vincent and the Grenadines,VCT,2017,94.63065
Saint Vincent and the Grenadines,VCT,2018,95.29346
Saint Vincent and the Grenadines,VCT,2019,95.98495
Saint Vincent and the Grenadines,VCT,2020,96.58103
Saint Vincent and the Grenadines,VCT,2021,97.230865
Saint Vincent and the Grenadines,VCT,2022,97.9787
Samoa,WSM,1990,177.45074
Samoa,WSM,1991,177.11864
Samoa,WSM,1992,176.11835
Samoa,WSM,1993,174.63588
Samoa,WSM,1994,173.24316
Samoa,WSM,1995,171.83606
Samoa,WSM,1996,170.37129
Samoa,WSM,1997,168.95602
Samoa,WSM,1998,167.67177
Samoa,WSM,1999,166.40872
Samoa,WSM,2000,165.11186
Samoa,WSM,2001,163.7787
Samoa,WSM,2002,162.6175
Samoa,WSM,2003,161.77129
Samoa,WSM,2004,214.7478
Samoa,WSM,2005,213.91174
Samoa,WSM,2006,159.80908
Samoa,WSM,2007,158.92693
Samoa,WSM,2008,157.79756
Samoa,WSM,2009,208.84456
Samoa,WSM,2010,207.21631
Samoa,WSM,2011,205.41684
Samoa,WSM,2012,203.54369
Samoa,WSM,2013,201.73085
Samoa,WSM,2014,199.949
Samoa,WSM,2015,247.77744
Samoa,WSM,2016,196.5515
Samoa,WSM,2017,194.72015
Samoa,WSM,2018,192.68286
Samoa,WSM,2019,142.9974
Samoa,WSM,2020,141.53813
Samoa,WSM,2021,187.09773
Samoa,WSM,2022,185.81316
Sao Tome and Principe,STP,1990,0
Sao Tome and Principe,STP,1991,0
Sao Tome and Principe,STP,1992,0
Sao Tome and Principe,STP,1993,0
Sao Tome and Principe,STP,1994,0
Sao Tome and Principe,STP,1995,0
Sao Tome and Principe,STP,1996,0
Sao Tome and Principe,STP,1997,0
Sao Tome and Principe,STP,1998,0
Sao Tome and Principe,STP,1999,0
Sao Tome and Principe,STP,2000,0
Sao Tome and Principe,STP,2001,68.312546
Sao Tome and Principe,STP,2002,66.6969
Sao Tome and Principe,STP,2003,65.00936
Sao Tome and Principe,STP,2004,63.403095
Sao Tome and Principe,STP,2005,61.862045
Sao Tome and Principe,STP,2006,60.36788
Sao Tome and Principe,STP,2007,58.924393
Sao Tome and Principe,STP,2008,57.534748
Sao Tome and Principe,STP,2009,56.2221
Sao Tome and Principe,STP,2010,55.002476
Sao Tome and Principe,STP,2011,53.860447
Sao Tome and Principe,STP,2012,52.783817
Sao Tome and Principe,STP,2013,51.771088
Sao Tome and Principe,STP,2014,50.818172
Sao Tome and Principe,STP,2015,49.92312
Sao Tome and Principe,STP,2016,49.09132
Sao Tome and Principe,STP,2017,48.312447
Sao Tome and Principe,STP,2018,47.574192
Sao Tome and Principe,STP,2019,46.859257
Sao Tome and Principe,STP,2020,45.987583
Sao Tome and Principe,STP,2021,45.050117
Sao Tome and Principe,STP,2022,44.18659
Saudi Arabia,SAU,1990,283.81598
Saudi Arabia,SAU,1991,284.03104
Saudi Arabia,SAU,1992,280.66135
Saudi Arabia,SAU,1993,252.94977
Saudi Arabia,SAU,1994,222.74445
Saudi Arabia,SAU,1995,187.36955
Saudi Arabia,SAU,1996,186.53746
Saudi Arabia,SAU,1997,192.69635
Saudi Arabia,SAU,1998,192.33104
Saudi Arabia,SAU,1999,184.84914
Saudi Arabia,SAU,2000,186.05821
Saudi Arabia,SAU,2001,181.32307
Saudi Arabia,SAU,2002,175.31216
Saudi Arabia,SAU,2003,171.92949
Saudi Arabia,SAU,2004,170.31456
Saudi Arabia,SAU,2005,153.21097
Saudi Arabia,SAU,2006,146.3246
Saudi Arabia,SAU,2007,147.53012
Saudi Arabia,SAU,2008,119.80479
Saudi Arabia,SAU,2009,103.643394
Saudi Arabia,SAU,2010,106.13292
Saudi Arabia,SAU,2011,117.59912
Saudi Arabia,SAU,2012,118.24503
Saudi Arabia,SAU,2013,111.321915
Saudi Arabia,SAU,2014,101.73071
Saudi Arabia,SAU,2015,105.42139
Saudi Arabia,SAU,2016,104.49966
Saudi Arabia,SAU,2017,101.03175
Saudi Arabia,SAU,2018,104.06678
Saudi Arabia,SAU,2019,106.324295
Saudi Arabia,SAU,2020,153.59196
Saudi Arabia,SAU,2021,148.74695
Saudi Arabia,SAU,2022,159.74962
Senegal,SEN,1990,396.34616
Senegal,SEN,1991,396.57108
Senegal,SEN,1992,390.52954
Senegal,SEN,1993,391.83978
Senegal,SEN,1994,386.12827
Senegal,SEN,1995,376.35147
Senegal,SEN,1996,404.76373
Senegal,SEN,1997,384.55304
Senegal,SEN,1998,365.14972
Senegal,SEN,1999,388.4534
Senegal,SEN,2000,421.33722
Senegal,SEN,2001,361.3063
Senegal,SEN,2002,334.4093
Senegal,SEN,2003,294.7438
Senegal,SEN,2004,332.5525
Senegal,SEN,2005,335.5444
Senegal,SEN,2006,340.8668
Senegal,SEN,2007,306.7029
Senegal,SEN,2008,317.03973
Senegal,SEN,2009,311.24896
Senegal,SEN,2010,324.4847
Senegal,SEN,2011,324.8732
Senegal,SEN,2012,293.0018
Senegal,SEN,2013,301.95047
Senegal,SEN,2014,287.58978
Senegal,SEN,2015,263.81906
Senegal,SEN,2016,297.981
Senegal,SEN,2017,299.8384
Senegal,SEN,2018,278.99094
Senegal,SEN,2019,282.51825
Senegal,SEN,2020,299.59708
Senegal,SEN,2021,279.893
Senegal,SEN,2022,283.2685
Serbia,SRB,1990,485.1043
Serbia,SRB,1991,438.53702
Serbia,SRB,1992,343.5197
Serbia,SRB,1993,335.04367
Serbia,SRB,1994,338.13284
Serbia,SRB,1995,397.5314
Serbia,SRB,1996,406.00842
Serbia,SRB,1997,439.07028
Serbia,SRB,1998,406.9056
Serbia,SRB,1999,381.41455
Serbia,SRB,2000,339.19855
Serbia,SRB,2001,389.4444
Serbia,SRB,2002,376.80154
Serbia,SRB,2003,341.19592
Serbia,SRB,2004,462.6054
Serbia,SRB,2005,425.77808
Serbia,SRB,2006,400.7245
Serbia,SRB,2007,445.0089
Serbia,SRB,2008,391.721
Serbia,SRB,2009,470.01178
Serbia,SRB,2010,379.94168
Serbia,SRB,2011,396.47745
Serbia,SRB,2012,465.55292
Serbia,SRB,2013,471.40103
Serbia,SRB,2014,387.4251
Serbia,SRB,2015,362.25537
Serbia,SRB,2016,406.9557
Serbia,SRB,2017,370.39618
Serbia,SRB,2018,313.3897
Serbia,SRB,2019,327.29675
Serbia,SRB,2020,429.94788
Serbia,SRB,2021,310.14877
Serbia,SRB,2022,422.60477
Seychelles,SYC,1990,135.13513
Seychelles,SYC,1991,133.62195
Seychelles,SYC,1992,132.22266
Seychelles,SYC,1993,130.85579
Seychelles,SYC,1994,129.40126
Seychelles,SYC,1995,127.96887
Seychelles,SYC,1996,126.741104
Seychelles,SYC,1997,125.51776
Seychelles,SYC,1998,123.857414
Seychelles,SYC,1999,121.90216
Seychelles,SYC,2000,119.99184
Seychelles,SYC,2001,0
Seychelles,SYC,2002,0
Seychelles,SYC,2003,0
Seychelles,SYC,2004,0
Seychelles,SYC,2005,0
Seychelles,SYC,2006,0
Seychelles,SYC,2007,0
Seychelles,SYC,2008,0
Seychelles,SYC,2009,0
Seychelles,SYC,2010,0
Seychelles,SYC,2011,0
Seychelles,SYC,2012,0
Seychelles,SYC,2013,0
Seychelles,SYC,2014,0
Seychelles,SYC,2015,0
Seychelles,SYC,2016,0
Seychelles,SYC,2017,0
Seychelles,SYC,2018,0
Seychelles,SYC,2019,0
Seychelles,SYC,2020,0
Seychelles,SYC,2021,0
Seychelles,SYC,2022,0
Sierra Leone,SLE,1990,135.81667
Sierra Leone,SLE,1991,131.88051
Sierra Leone,SLE,1992,136.8098
Sierra Leone,SLE,1993,141.9249
Sierra Leone,SLE,1994,143.77763
Sierra Leone,SLE,1995,141.17609
Sierra Leone,SLE,1996,102.40009
Sierra Leone,SLE,1997,98.737335
Sierra Leone,SLE,1998,93.11458
Sierra Leone,SLE,1999,88.00275
Sierra Leone,SLE,2000,81.38141
Sierra Leone,SLE,2001,78.84562
Sierra Leone,SLE,2002,84.48264
Sierra Leone,SLE,2003,117.81325
Sierra Leone,SLE,2004,121.36568
Sierra Leone,SLE,2005,118.14515
Sierra Leone,SLE,2006,177.79472
Sierra Leone,SLE,2007,153.0607
Sierra Leone,SLE,2008,125.535904
Sierra Leone,SLE,2009,135.41061
Sierra Leone,SLE,2010,125.34721
Sierra Leone,SLE,2011,129.94621
Sierra Leone,SLE,2012,163.33191
Sierra Leone,SLE,2013,156.3883
Sierra Leone,SLE,2014,159.96777
Sierra Leone,SLE,2015,163.40659
Sierra Leone,SLE,2016,151.27672
Sierra Leone,SLE,2017,146.35535
Sierra Leone,SLE,2018,140.31245
Sierra Leone,SLE,2019,121.57278
Sierra Leone,SLE,2020,122.58996
Sierra Leone,SLE,2021,133.42224
Sierra Leone,SLE,2022,129.27689
Singapore,SGP,1990,13.159657
Singapore,SGP,1991,6.376953
Singapore,SGP,1992,6.198742
Singapore,SGP,1993,6.0279236
Singapore,SGP,1994,8.77753
Singapore,SGP,1995,8.489867
Singapore,SGP,1996,8.186508
Singapore,SGP,1997,5.267831
Singapore,SGP,1998,5.1263413
Singapore,SGP,1999,5.0421495
Singapore,SGP,2000,4.9563212
Singapore,SGP,2001,4.8588867
Singapore,SGP,2002,2.411441
Singapore,SGP,2003,2.4164855
Singapore,SGP,2004,2.3964913
Singapore,SGP,2005,2.3428185
Singapore,SGP,2006,2.2690842
Singapore,SGP,2007,2.1755607
Singapore,SGP,2008,2.0804112
Singapore,SGP,2009,2.0126498
Singapore,SGP,2010,3.9393187
Singapore,SGP,2011,1.9296666
Singapore,SGP,2012,3.7783291
Singapore,SGP,2013,3.7136142
Singapore,SGP,2014,3.6644137
Singapore,SGP,2015,3.6196847
Singapore,SGP,2016,3.5855556
Singapore,SGP,2017,3.5688238
Singapore,SGP,2018,3.5496452
Singapore,SGP,2019,3.5276093
Singapore,SGP,2020,3.558623
Singapore,SGP,2021,3.6060133
Singapore,SGP,2022,1.7699466
Slovakia,SVK,1990,415.86935
Slovakia,SVK,1991,310.3195
Slovakia,SVK,1992,284.55963
Slovakia,SVK,1993,266.59842
Slovakia,SVK,1994,254.5277
Slovakia,SVK,1995,244.66376
Slovakia,SVK,1996,251.75154
Slovakia,SVK,1997,245.82008
Slovakia,SVK,1998,243.72995
Slovakia,SVK,1999,204.53302
Slovakia,SVK,2000,211.89587
Slovakia,SVK,2001,219.35371
Slovakia,SVK,2002,217.56573
Slovakia,SVK,2003,206.46565
Slovakia,SVK,2004,217.63239
Slovakia,SVK,2005,202.7267
Slovakia,SVK,2006,206.44069
Slovakia,SVK,2007,200.85576
Slovakia,SVK,2008,198.91705
Slovakia,SVK,2009,196.84036
Slovakia,SVK,2010,194.7381
Slovakia,SVK,2011,213.03772
Slovakia,SVK,2012,216.47115
Slovakia,SVK,2013,221.79417
Slovakia,SVK,2014,238.21667
Slovakia,SVK,2015,226.92563
Slovakia,SVK,2016,246.90167
Slovakia,SVK,2017,228.12141
Slovakia,SVK,2018,238.82881
Slovakia,SVK,2019,236.67001
Slovakia,SVK,2020,238.31224
Slovakia,SVK,2021,233.33723
Slovakia,SVK,2022,210.11493
Slovenia,SVN,1990,415.41333
Slovenia,SVN,1991,375.15176
Slovenia,SVN,1992,335.69455
Slovenia,SVN,1993,321.47638
Slovenia,SVN,1994,331.9482
Slovenia,SVN,1995,301.796
Slovenia,SVN,1996,271.79495
Slovenia,SVN,1997,297.31848
Slovenia,SVN,1998,297.9691
Slovenia,SVN,1999,287.7047
Slovenia,SVN,2000,286.89105
Slovenia,SVN,2001,291.50357
Slovenia,SVN,2002,286.2062
Slovenia,SVN,2003,286.0729
Slovenia,SVN,2004,270.87384
Slovenia,SVN,2005,260.40167
Slovenia,SVN,2006,259.59555
Slovenia,SVN,2007,258.17227
Slovenia,SVN,2008,256.7787
Slovenia,SVN,2009,250.53914
Slovenia,SVN,2010,254.3271
Slovenia,SVN,2011,248.92558
Slovenia,SVN,2012,243.50784
Slovenia,SVN,2013,238.27448
Slovenia,SVN,2014,247.76585
Slovenia,SVN,2015,247.5793
Slovenia,SVN,2016,247.4072
Slovenia,SVN,2017,247.28351
Slovenia,SVN,2018,241.60612
Slovenia,SVN,2019,244.7877
Slovenia,SVN,2020,247.3339
Slovenia,SVN,2021,246.03795
Slovenia,SVN,2022,236.3808
Solomon Islands,SLB,1990,30.170645
Solomon Islands,SLB,1991,29.261755
Solomon Islands,SLB,1992,28.391748
Solomon Islands,SLB,1993,27.559597
Solomon Islands,SLB,1994,26.760506
Solomon Islands,SLB,1995,25.991308
Solomon Islands,SLB,1996,25.25144
Solomon Islands,SLB,1997,24.54108
Solomon Islands,SLB,1998,23.861906
Solomon Islands,SLB,1999,23.22821
Solomon Islands,SLB,2000,22.702454
Solomon Islands,SLB,2001,22.264921
Solomon Islands,SLB,2002,21.849518
Solomon Islands,SLB,2003,21.451677
Solomon Islands,SLB,2004,21.069576
Solomon Islands,SLB,2005,20.700077
Solomon Islands,SLB,2006,20.341658
Solomon Islands,SLB,2007,19.993282
Solomon Islands,SLB,2008,19.65401
Solomon Islands,SLB,2009,19.29943
Solomon Islands,SLB,2010,18.762571
Solomon Islands,SLB,2011,18.084557
Solomon Islands,SLB,2012,17.433052
Solomon Islands,SLB,2013,16.808079
Solomon Islands,SLB,2014,16.209688
Solomon Islands,SLB,2015,31.278198
Solomon Islands,SLB,2016,15.096914
Solomon Islands,SLB,2017,14.584126
Solomon Islands,SLB,2018,28.204409
Solomon Islands,SLB,2019,27.46664
Solomon Islands,SLB,2020,26.863485
Solomon Islands,SLB,2021,13.113137
Solomon Islands,SLB,2022,12.802868
Somalia,SOM,1990,837.2376
Somalia,SOM,1991,735.2767
Somalia,SOM,1992,675.8932
Somalia,SOM,1993,749.8422
Somalia,SOM,1994,799.7946
Somalia,SOM,1995,794.78235
Somalia,SOM,1996,784.9651
Somalia,SOM,1997,773.2093
Somalia,SOM,1998,727.1243
Somalia,SOM,1999,692.411
Somalia,SOM,2000,672.04346
Somalia,SOM,2001,659.89056
Somalia,SOM,2002,642.9273
Somalia,SOM,2003,625.68365
Somalia,SOM,2004,610.8355
Somalia,SOM,2005,602.204
Somalia,SOM,2006,546.67206
Somalia,SOM,2007,492.8205
Somalia,SOM,2008,477.575
Somalia,SOM,2009,465.67215
Somalia,SOM,2010,457.51993
Somalia,SOM,2011,455.10388
Somalia,SOM,2012,456.6187
Somalia,SOM,2013,442.90424
Somalia,SOM,2014,428.05212
Somalia,SOM,2015,412.11072
Somalia,SOM,2016,393.7628
Somalia,SOM,2017,375.41992
Somalia,SOM,2018,363.0483
Somalia,SOM,2019,348.70007
Somalia,SOM,2020,337.5132
Somalia,SOM,2021,319.0239
Somalia,SOM,2022,305.0237
South Africa,ZAF,1990,320.76553
South Africa,ZAF,1991,313.28033
South Africa,ZAF,1992,299.22125
South Africa,ZAF,1993,299.5578
South Africa,ZAF,1994,288.83646
South Africa,ZAF,1995,280.4123
South Africa,ZAF,1996,293.64166
South Africa,ZAF,1997,292.77264
South Africa,ZAF,1998,293.78748
South Africa,ZAF,1999,288.24963
South Africa,ZAF,2000,288.16968
South Africa,ZAF,2001,276.24307
South Africa,ZAF,2002,294.25598
South Africa,ZAF,2003,268.65784
South Africa,ZAF,2004,261.27023
South Africa,ZAF,2005,263.08325
South Africa,ZAF,2006,254.8088
South Africa,ZAF,2007,260.05087
South Africa,ZAF,2008,263.13425
South Africa,ZAF,2009,260.39795
South Africa,ZAF,2010,257.71793
South Africa,ZAF,2011,253.98521
South Africa,ZAF,2012,255.28716
South Africa,ZAF,2013,239.9468
South Africa,ZAF,2014,236.173
South Africa,ZAF,2015,219.48561
South Africa,ZAF,2016,205.55524
South Africa,ZAF,2017,227.98586
South Africa,ZAF,2018,223.49991
South Africa,ZAF,2019,214.97661
South Africa,ZAF,2020,217.9571
South Africa,ZAF,2021,234.29903
South Africa,ZAF,2022,214.01634
South America,,1990,561.25775
South America,,1991,559.8006
South America,,1992,558.9679
South America,,1993,556.02527
South America,,1994,562.0479
South America,,1995,559.80054
South America,,1996,534.2729
South America,,1997,537.81433
South America,,1998,543.4367
South America,,1999,535.7692
South America,,2000,532.90234
South America,,2001,549.5847
South America,,2002,567.42255
South America,,2003,589.21875
South America,,2004,604.46735
South America,,2005,596.33716
South America,,2006,586.57007
South America,,2007,618.2268
South America,,2008,594.00824
South America,,2009,567.8664
South America,,2010,607.0369
South America,,2011,598.18304
South America,,2012,593.6895
South America,,2013,591.58374
South America,,2014,600.8687
South America,,2015,586.07983
South America,,2016,587.9848
South America,,2017,609.5021
South America,,2018,591.6653
South America,,2019,611.2644
South America,,2020,633.8841
South America,,2021,645.41144
South America,,2022,653.50684
South Korea,KOR,1990,108.20884
South Korea,KOR,1991,104.862495
South Korea,KOR,1992,109.06151
South Korea,KOR,1993,109.82959
South Korea,KOR,1994,111.23214
South Korea,KOR,1995,113.73549
South Korea,KOR,1996,113.50016
South Korea,KOR,1997,118.62901
South Korea,KOR,1998,107.28758
South Korea,KOR,1999,101.28949
South Korea,KOR,2000,96.2224
South Korea,KOR,2001,90.76712
South Korea,KOR,2002,87.73948
South Korea,KOR,2003,87.97378
South Korea,KOR,2004,92.87781
South Korea,KOR,2005,97.5933
South Korea,KOR,2006,87.279816
South Korea,KOR,2007,92.988266
South Korea,KOR,2008,87.47534
South Korea,KOR,2009,84.45478
South Korea,KOR,2010,85.7096
South Korea,KOR,2011,83.863174
South Korea,KOR,2012,86.29105
South Korea,KOR,2013,83.88061
South Korea,KOR,2014,81.52111
South Korea,KOR,2015,82.18279
South Korea,KOR,2016,82.65456
South Korea,KOR,2017,82.54628
South Korea,KOR,2018,84.235565
South Korea,KOR,2019,84.41534
South Korea,KOR,2020,87.160286
South Korea,KOR,2021,87.17723
South Korea,KOR,2022,90.957344
South Sudan,SSD,1990,2279.6174
South Sudan,SSD,1991,2307.365
South Sudan,SSD,1992,2460.4124
South Sudan,SSD,1993,2578.6892
South Sudan,SSD,1994,2669.9841
South Sudan,SSD,1995,2629.2424
South Sudan,SSD,1996,2745.9783
South Sudan,SSD,1997,2751.7896
South Sudan,SSD,1998,2852.2742
South Sudan,SSD,1999,2827.623
South Sudan,SSD,2000,2876.1956
South Sudan,SSD,2001,2418.9973
South Sudan,SSD,2002,2496.6611
South Sudan,SSD,2003,2424.9873
South Sudan,SSD,2004,2353.0908
South Sudan,SSD,2005,2343.8281
South Sudan,SSD,2006,2089.8806
South Sudan,SSD,2007,2119.4966
South Sudan,SSD,2008,1988.0592
South Sudan,SSD,2009,1940.8108
South Sudan,SSD,2010,1732.0005
South Sudan,SSD,2011,1642.6726
South Sudan,SSD,2012,1706.9154
South Sudan,SSD,2013,1593.1896
South Sudan,SSD,2014,1603.0161
South Sudan,SSD,2015,1642.1234
South Sudan,SSD,2016,1735.9014
South Sudan,SSD,2017,1732.1123
South Sudan,SSD,2018,2003.362
South Sudan,SSD,2019,1530.2135
South Sudan,SSD,2020,1784.3672
South Sudan,SSD,2021,1653.815
South Sudan,SSD,2022,1521.6163
Spain,ESP,1990,365.61365
Spain,ESP,1991,360.188
Spain,ESP,1992,325.21277
Spain,ESP,1993,342.2306
Spain,ESP,1994,343.714
Spain,ESP,1995,330.3145
Spain,ESP,1996,372.29068
Spain,ESP,1997,361.9153
Spain,ESP,1998,389.48788
Spain,ESP,1999,381.49744
Spain,ESP,2000,382.2547
Spain,ESP,2001,373.37314
Spain,ESP,2002,364.98007
Spain,ESP,2003,381.58832
Spain,ESP,2004,363.1354
Spain,ESP,2005,323.25662
Spain,ESP,2006,327.55017
Spain,ESP,2007,332.8463
Spain,ESP,2008,287.66052
Spain,ESP,2009,283.47696
Spain,ESP,2010,300.3813
Spain,ESP,2011,285.33105
Spain,ESP,2012,277.55136
Spain,ESP,2013,299.82675
Spain,ESP,2014,315.70935
Spain,ESP,2015,318.7409
Spain,ESP,2016,313.9125
Spain,ESP,2017,318.76355
Spain,ESP,2018,321.91745
Spain,ESP,2019,312.42673
Spain,ESP,2020,326.97504
Spain,ESP,2021,321.98145
Spain,ESP,2022,280.16833
Sri Lanka,LKA,1990,80.11027
Sri Lanka,LKA,1991,75.8709
Sri Lanka,LKA,1992,78.25896
Sri Lanka,LKA,1993,82.22755
Sri Lanka,LKA,1994,84.5114
Sri Lanka,LKA,1995,80.846886
Sri Lanka,LKA,1996,75.95635
Sri Lanka,LKA,1997,75.075874
Sri Lanka,LKA,1998,73.13399
Sri Lanka,LKA,1999,79.17767
Sri Lanka,LKA,2000,75.15658
Sri Lanka,LKA,2001,72.95784
Sri Lanka,LKA,2002,81.28953
Sri Lanka,LKA,2003,71.172516
Sri Lanka,LKA,2004,73.67726
Sri Lanka,LKA,2005,80.62708
Sri Lanka,LKA,2006,78.614746
Sri Lanka,LKA,2007,73.685326
Sri Lanka,LKA,2008,88.70845
Sri Lanka,LKA,2009,79.97518
Sri Lanka,LKA,2010,77.589584
Sri Lanka,LKA,2011,88.057274
Sri Lanka,LKA,2012,76.52533
Sri Lanka,LKA,2013,67.88762
Sri Lanka,LKA,2014,88.17747
Sri Lanka,LKA,2015,71.33004
Sri Lanka,LKA,2016,61.157158
Sri Lanka,LKA,2017,53.876568
Sri Lanka,LKA,2018,48.083157
Sri Lanka,LKA,2019,66.486534
Sri Lanka,LKA,2020,92.19119
Sri Lanka,LKA,2021,63.435074
Sri Lanka,LKA,2022,59.55779
Sudan,SDN,1990,646.64124
Sudan,SDN,1991,655.076
Sudan,SDN,1992,695.2393
Sudan,SDN,1993,719.1115
Sudan,SDN,1994,742.8064
Sudan,SDN,1995,734.4315
Sudan,SDN,1996,768.8791
Sudan,SDN,1997,775.19904
Sudan,SDN,1998,798.972
Sudan,SDN,1999,793.56836
Sudan,SDN,2000,822.88556
Sudan,SDN,2001,705.90027
Sudan,SDN,2002,743.44666
Sudan,SDN,2003,738.8939
Sudan,SDN,2004,735.0284
Sudan,SDN,2005,750.4211
Sudan,SDN,2006,687.3499
Sudan,SDN,2007,715.72156
Sudan,SDN,2008,687.90186
Sudan,SDN,2009,684.7153
Sudan,SDN,2010,628.8402
Sudan,SDN,2011,616.75433
Sudan,SDN,2012,637.8108
Sudan,SDN,2013,632.51184
Sudan,SDN,2014,613.0335
Sudan,SDN,2015,598.13464
Sudan,SDN,2016,608.58136
Sudan,SDN,2017,579.89935
Sudan,SDN,2018,562.28046
Sudan,SDN,2019,540.96564
Sudan,SDN,2020,554.401
Sudan,SDN,2021,524.0609
Sudan,SDN,2022,507.25604
Suriname,SUR,1990,266.66666
Suriname,SUR,1991,265.0468
Suriname,SUR,1992,287.35495
Suriname,SUR,1993,262.30634
Suriname,SUR,1994,260.42776
Suriname,SUR,1995,256.0456
Suriname,SUR,1996,296.23956
Suriname,SUR,1997,290.13452
Suriname,SUR,1998,284.20703
Suriname,SUR,1999,278.4173
Suriname,SUR,2000,251.75864
Suriname,SUR,2001,246.62636
Suriname,SUR,2002,201.3831
Suriname,SUR,2003,217.21059
Suriname,SUR,2004,252.9537
Suriname,SUR,2005,192.55913
Suriname,SUR,2006,247.61763
Suriname,SUR,2007,225.97763
Suriname,SUR,2008,316.42508
Suriname,SUR,2009,257.5518
Suriname,SUR,2010,272.7615
Suriname,SUR,2011,269.64886
Suriname,SUR,2012,248.82697
Suriname,SUR,2013,228.46135
Suriname,SUR,2014,260.6973
Suriname,SUR,2015,240.7012
Suriname,SUR,2016,272.21762
Suriname,SUR,2017,286.33026
Suriname,SUR,2018,216.8405
Suriname,SUR,2019,231.10739
Suriname,SUR,2020,277.6326
Suriname,SUR,2021,226.57205
Suriname,SUR,2022,224.65707
Sweden,SWE,1990,473.20987
Sweden,SWE,1991,440.99103
Sweden,SWE,1992,447.64536
Sweden,SWE,1993,467.9952
Sweden,SWE,1994,454.43207
Sweden,SWE,1995,437.32944
Sweden,SWE,1996,452.4718
Sweden,SWE,1997,452.20605
Sweden,SWE,1998,439.51794
Sweden,SWE,1999,435.77948
Sweden,SWE,2000,439.58032
Sweden,SWE,2001,430.5297
Sweden,SWE,2002,426.8886
Sweden,SWE,2003,421.94873
Sweden,SWE,2004,423.6249
Sweden,SWE,2005,414.1855
Sweden,SWE,2006,404.15707
Sweden,SWE,2007,409.91312
Sweden,SWE,2008,420.82874
Sweden,SWE,2009,393.6018
Sweden,SWE,2010,405.19354
Sweden,SWE,2011,410.61404
Sweden,SWE,2012,396.03015
Sweden,SWE,2013,399.97415
Sweden,SWE,2014,413.55396
Sweden,SWE,2015,415.32806
Sweden,SWE,2016,406.1157
Sweden,SWE,2017,414.60095
Sweden,SWE,2018,396.05325
Sweden,SWE,2019,408.59528
Sweden,SWE,2020,422.07205
Sweden,SWE,2021,403.2206
Sweden,SWE,2022,400.48303
Switzerland,CHE,1990,284.51544
Switzerland,CHE,1991,278.06622
Switzerland,CHE,1992,270.54352
Switzerland,CHE,1993,265.20206
Switzerland,CHE,1994,261.66803
Switzerland,CHE,1995,258.50507
Switzerland,CHE,1996,254.52902
Switzerland,CHE,1997,245.44513
Switzerland,CHE,1998,243.3092
Switzerland,CHE,1999,232.35895
Switzerland,CHE,2000,226.893
Switzerland,CHE,2001,231.09737
Switzerland,CHE,2002,215.69656
Switzerland,CHE,2003,212.72385
Switzerland,CHE,2004,212.61624
Switzerland,CHE,2005,217.98148
Switzerland,CHE,2006,216.62057
Switzerland,CHE,2007,210.72481
Switzerland,CHE,2008,213.30249
Switzerland,CHE,2009,208.07367
Switzerland,CHE,2010,204.45325
Switzerland,CHE,2011,199.63664
Switzerland,CHE,2012,191.27565
Switzerland,CHE,2013,194.038
Switzerland,CHE,2014,192.9126
Switzerland,CHE,2015,188.31618
Switzerland,CHE,2016,186.27081
Switzerland,CHE,2017,183.35318
Switzerland,CHE,2018,178.48041
Switzerland,CHE,2019,171.37811
Switzerland,CHE,2020,173.59941
Switzerland,CHE,2021,171.12631
Switzerland,CHE,2022,143.30917
Syria,SYR,1990,236.10382
Syria,SYR,1991,220.32498
Syria,SYR,1992,217.3983
Syria,SYR,1993,202.96198
Syria,SYR,1994,212.54755
Syria,SYR,1995,223.71512
Syria,SYR,1996,219.73471
Syria,SYR,1997,215.98778
Syria,SYR,1998,218.07275
Syria,SYR,1999,211.36224
Syria,SYR,2000,200.14565
Syria,SYR,2001,177.69867
Syria,SYR,2002,191.20311
Syria,SYR,2003,203.47362
Syria,SYR,2004,203.96056
Syria,SYR,2005,220.57935
Syria,SYR,2006,225.08511
Syria,SYR,2007,211.16505
Syria,SYR,2008,184.87222
Syria,SYR,2009,168.81308
Syria,SYR,2010,132.54803
Syria,SYR,2011,147.30241
Syria,SYR,2012,141.91711
Syria,SYR,2013,124.61392
Syria,SYR,2014,127.75196
Syria,SYR,2015,125.613815
Syria,SYR,2016,121.91414
Syria,SYR,2017,104.03299
Syria,SYR,2018,101.134705
Syria,SYR,2019,118.40695
Syria,SYR,2020,117.34284
Syria,SYR,2021,104.49013
Syria,SYR,2022,103.28477
Tajikistan,TJK,1990,274.13635
Tajikistan,TJK,1991,250.84819
Tajikistan,TJK,1992,231.88315
Tajikistan,TJK,1993,192.13971
Tajikistan,TJK,1994,181.96265
Tajikistan,TJK,1995,169.7882
Tajikistan,TJK,1996,153.30031
Tajikistan,TJK,1997,157.98486
Tajikistan,TJK,1998,140.85869
Tajikistan,TJK,1999,122.41532
Tajikistan,TJK,2000,120.927895
Tajikistan,TJK,2001,123.2954
Tajikistan,TJK,2002,128.60408
Tajikistan,TJK,2003,124.65129
Tajikistan,TJK,2004,131.06439
Tajikistan,TJK,2005,131.41322
Tajikistan,TJK,2006,145.94266
Tajikistan,TJK,2007,147.33519
Tajikistan,TJK,2008,164.88603
Tajikistan,TJK,2009,173.55937
Tajikistan,TJK,2010,172.50069
Tajikistan,TJK,2011,171.25066
Tajikistan,TJK,2012,178.43579
Tajikistan,TJK,2013,182.5543
Tajikistan,TJK,2014,183.96405
Tajikistan,TJK,2015,187.41673
Tajikistan,TJK,2016,182.72827
Tajikistan,TJK,2017,181.59921
Tajikistan,TJK,2018,177.27934
Tajikistan,TJK,2019,213.0122
Tajikistan,TJK,2020,213.34837
Tajikistan,TJK,2021,215.71376
Tajikistan,TJK,2022,215.08063
Tanzania,TZA,1990,440.82373
Tanzania,TZA,1991,433.52536
Tanzania,TZA,1992,425.38315
Tanzania,TZA,1993,414.36234
Tanzania,TZA,1994,398.40558
Tanzania,TZA,1995,418.97745
Tanzania,TZA,1996,389.06784
Tanzania,TZA,1997,379.06027
Tanzania,TZA,1998,404.99115
Tanzania,TZA,1999,404.20013
Tanzania,TZA,2000,356.6827
Tanzania,TZA,2001,353.42612
Tanzania,TZA,2002,385.92184
Tanzania,TZA,2003,420.8732
Tanzania,TZA,2004,395.96255
Tanzania,TZA,2005,406.30817
Tanzania,TZA,2006,359.59885
Tanzania,TZA,2007,379.62607
Tanzania,TZA,2008,370.44235
Tanzania,TZA,2009,370.81198
Tanzania,TZA,2010,372.89017
Tanzania,TZA,2011,370.85016
Tanzania,TZA,2012,381.85294
Tanzania,TZA,2013,384.85068
Tanzania,TZA,2014,375.55975
Tanzania,TZA,2015,375.61786
Tanzania,TZA,2016,366.9366
Tanzania,TZA,2017,344.09714
Tanzania,TZA,2018,338.1088
Tanzania,TZA,2019,338.65717
Tanzania,TZA,2020,346.38397
Tanzania,TZA,2021,334.86972
Tanzania,TZA,2022,332.39676
Thailand,THA,1990,203.14833
Thailand,THA,1991,205.25748
Thailand,THA,1992,213.69626
Thailand,THA,1993,227.84203
Thailand,THA,1994,224.67917
Thailand,THA,1995,209.65096
Thailand,THA,1996,207.60994
Thailand,THA,1997,196.29611
Thailand,THA,1998,195.70033
Thailand,THA,1999,203.85547
Thailand,THA,2000,187.9132
Thailand,THA,2001,192.92664
Thailand,THA,2002,200.72687
Thailand,THA,2003,218.2889
Thailand,THA,2004,210.07745
Thailand,THA,2005,200.40166
Thailand,THA,2006,202.04999
Thailand,THA,2007,223.98607
Thailand,THA,2008,215.91298
Thailand,THA,2009,239.86702
Thailand,THA,2010,249.7833
Thailand,THA,2011,242.87317
Thailand,THA,2012,242.23714
Thailand,THA,2013,237.81192
Thailand,THA,2014,222.31285
Thailand,THA,2015,193.93036
Thailand,THA,2016,214.93135
Thailand,THA,2017,232.85493
Thailand,THA,2018,207.4925
Thailand,THA,2019,191.26912
Thailand,THA,2020,209.23631
Thailand,THA,2021,205.77928
Thailand,THA,2022,185.12498
Togo,TGO,1990,212.56601
Togo,TGO,1991,196.8137
Togo,TGO,1992,177.1534
Togo,TGO,1993,175.878
Togo,TGO,1994,172.86526
Togo,TGO,1995,154.16586
Togo,TGO,1996,159.46301
Togo,TGO,1997,175.66
Togo,TGO,1998,205.72258
Togo,TGO,1999,173.9906
Togo,TGO,2000,182.87775
Togo,TGO,2001,147.80045
Togo,TGO,2002,162.5632
Togo,TGO,2003,167.5021
Togo,TGO,2004,147.45862
Togo,TGO,2005,207.0274
Togo,TGO,2006,171.36183
Togo,TGO,2007,145.43457
Togo,TGO,2008,155.44481
Togo,TGO,2009,160.25963
Togo,TGO,2010,157.44298
Togo,TGO,2011,189.40276
Togo,TGO,2012,163.36317
Togo,TGO,2013,182.5557
Togo,TGO,2014,153.89851
Togo,TGO,2015,176.16664
Togo,TGO,2016,171.79295
Togo,TGO,2017,166.31216
Togo,TGO,2018,173.14902
Togo,TGO,2019,161.87979
Togo,TGO,2020,176.47626
Togo,TGO,2021,168.9497
Togo,TGO,2022,195.82513
Tonga,TON,1990,200.5676
Tonga,TON,1991,200.17816
Tonga,TON,1992,199.91003
Tonga,TON,1993,199.76028
Tonga,TON,1994,199.6267
Tonga,TON,1995,199.52115
Tonga,TON,1996,199.41373
Tonga,TON,1997,198.62749
Tonga,TON,1998,197.22699
Tonga,TON,1999,195.967
Tonga,TON,2000,194.75145
Tonga,TON,2001,193.60147
Tonga,TON,2002,192.51501
Tonga,TON,2003,191.42236
Tonga,TON,2004,190.31668
Tonga,TON,2005,189.24341
Tonga,TON,2006,188.20695
Tonga,TON,2007,187.36415
Tonga,TON,2008,186.85301
Tonga,TON,2009,186.5341
Tonga,TON,2010,186.19373
Tonga,TON,2011,185.90125
Tonga,TON,2012,186.08806
Tonga,TON,2013,186.75357
Tonga,TON,2014,187.56975
Tonga,TON,2015,188.48364
Tonga,TON,2016,189.50879
Tonga,TON,2017,189.80194
Tonga,TON,2018,189.41187
Tonga,TON,2019,189.23624
Tonga,TON,2020,189.17717
Tonga,TON,2021,189.56627
Tonga,TON,2022,190.3801
Trinidad and Tobago,TTO,1990,87.84434
Trinidad and Tobago,TTO,1991,87.151215
Trinidad and Tobago,TTO,1992,86.49968
Trinidad and Tobago,TTO,1993,78.096085
Trinidad and Tobago,TTO,1994,69.856636
Trinidad and Tobago,TTO,1995,77.21012
Trinidad and Tobago,TTO,1996,92.2412
Trinidad and Tobago,TTO,1997,84.23709
Trinidad and Tobago,TTO,1998,83.95498
Trinidad and Tobago,TTO,1999,83.66858
Trinidad and Tobago,TTO,2000,98.50119
Trinidad and Tobago,TTO,2001,82.98298
Trinidad and Tobago,TTO,2002,112.61118
Trinidad and Tobago,TTO,2003,97.10783
Trinidad and Tobago,TTO,2004,111.49217
Trinidad and Tobago,TTO,2005,110.94347
Trinidad and Tobago,TTO,2006,110.39916
Trinidad and Tobago,TTO,2007,109.85945
Trinidad and Tobago,TTO,2008,109.32228
Trinidad and Tobago,TTO,2009,116.02139
Trinidad and Tobago,TTO,2010,115.385414
Trinidad and Tobago,TTO,2011,114.69616
Trinidad and Tobago,TTO,2012,121.09866
Trinidad and Tobago,TTO,2013,120.34052
Trinidad and Tobago,TTO,2014,119.622696
Trinidad and Tobago,TTO,2015,125.94547
Trinidad and Tobago,TTO,2016,125.25826
Trinidad and Tobago,TTO,2017,124.54464
Trinidad and Tobago,TTO,2018,122.40552
Trinidad and Tobago,TTO,2019,107.7515
Trinidad and Tobago,TTO,2020,108.03321
Trinidad and Tobago,TTO,2021,107.54748
Trinidad and Tobago,TTO,2022,106.957375
Tunisia,TUN,1990,176.58699
Tunisia,TUN,1991,196.42839
Tunisia,TUN,1992,190.03723
Tunisia,TUN,1993,191.91873
Tunisia,TUN,1994,166.32576
Tunisia,TUN,1995,158.27513
Tunisia,TUN,1996,191.51248
Tunisia,TUN,1997,173.01271
Tunisia,TUN,1998,188.64624
Tunisia,TUN,1999,194.69829
Tunisia,TUN,2000,193.54958
Tunisia,TUN,2001,189.46918
Tunisia,TUN,2002,181.51694
Tunisia,TUN,2003,188.64856
Tunisia,TUN,2004,195.74727
Tunisia,TUN,2005,199.89325
Tunisia,TUN,2006,196.20335
Tunisia,TUN,2007,203.98969
Tunisia,TUN,2008,191.60292
Tunisia,TUN,2009,202.80392
Tunisia,TUN,2010,195.05879
Tunisia,TUN,2011,197.50064
Tunisia,TUN,2012,198.91643
Tunisia,TUN,2013,180.40877
Tunisia,TUN,2014,188.92535
Tunisia,TUN,2015,185.05086
Tunisia,TUN,2016,193.43071
Tunisia,TUN,2017,182.82472
Tunisia,TUN,2018,183.58739
Tunisia,TUN,2019,184.41975
Tunisia,TUN,2020,177.04941
Tunisia,TUN,2021,196.70293
Tunisia,TUN,2022,184.82858
Turkey,TUR,1990,365.61224
Turkey,TUR,1991,343.8
Turkey,TUR,1992,350.4045
Turkey,TUR,1993,358.47964
Turkey,TUR,1994,314.6559
Turkey,TUR,1995,307.90912
Turkey,TUR,1996,310.40594
Turkey,TUR,1997,307.70227
Turkey,TUR,1998,321.80432
Turkey,TUR,1999,317.68683
Turkey,TUR,2000,307.37036
Turkey,TUR,2001,272.47287
Turkey,TUR,2002,271.89154
Turkey,TUR,2003,275.97702
Turkey,TUR,2004,275.39404
Turkey,TUR,2005,277.0824
Turkey,TUR,2006,279.81873
Turkey,TUR,2007,267.5596
Turkey,TUR,2008,245.65993
Turkey,TUR,2009,272.40796
Turkey,TUR,2010,258.22543
Turkey,TUR,2011,252.37416
Turkey,TUR,2012,271.81866
Turkey,TUR,2013,295.14536
Turkey,TUR,2014,285.89313
Turkey,TUR,2015,285.32428
Turkey,TUR,2016,304.70746
Turkey,TUR,2017,293.3188
Turkey,TUR,2018,293.78326
Turkey,TUR,2019,306.0065
Turkey,TUR,2020,336.15323
Turkey,TUR,2021,316.54385
Turkey,TUR,2022,299.10934
Turkmenistan,TKM,1990,614.27
Turkmenistan,TKM,1991,562.7737
Turkmenistan,TKM,1992,372.65295
Turkmenistan,TKM,1993,431.5032
Turkmenistan,TKM,1994,410.5268
Turkmenistan,TKM,1995,417.54083
Turkmenistan,TKM,1996,417.46622
Turkmenistan,TKM,1997,433.50616
Turkmenistan,TKM,1998,335.56204
Turkmenistan,TKM,1999,382.88812
Turkmenistan,TKM,2000,418.96927
Turkmenistan,TKM,2001,449.15787
Turkmenistan,TKM,2002,499.00693
Turkmenistan,TKM,2003,567.4493
Turkmenistan,TKM,2004,592.97015
Turkmenistan,TKM,2005,653.17303
Turkmenistan,TKM,2006,744.1079
Turkmenistan,TKM,2007,705.56195
Turkmenistan,TKM,2008,733.3912
Turkmenistan,TKM,2009,700.7121
Turkmenistan,TKM,2010,700.8898
Turkmenistan,TKM,2011,666.85284
Turkmenistan,TKM,2012,669.7027
Turkmenistan,TKM,2013,772.81213
Turkmenistan,TKM,2014,783.50226
Turkmenistan,TKM,2015,849.4519
Turkmenistan,TKM,2016,779.8692
Turkmenistan,TKM,2017,745.3437
Turkmenistan,TKM,2018,743.74316
Turkmenistan,TKM,2019,701.0641
Turkmenistan,TKM,2020,798.5709
Turkmenistan,TKM,2021,709.24567
Turkmenistan,TKM,2022,780.0617
Tuvalu,TUV,1990,0
Tuvalu,TUV,1991,0
Tuvalu,TUV,1992,0
Tuvalu,TUV,1993,0
Tuvalu,TUV,1994,0
Tuvalu,TUV,1995,0
Tuvalu,TUV,1996,0
Tuvalu,TUV,1997,0
Tuvalu,TUV,1998,0
Tuvalu,TUV,1999,0
Tuvalu,TUV,2000,0
Tuvalu,TUV,2001,0
Tuvalu,TUV,2002,0
Tuvalu,TUV,2003,0
Tuvalu,TUV,2004,0
Tuvalu,TUV,2005,0
Tuvalu,TUV,2006,0
Tuvalu,TUV,2007,0
Tuvalu,TUV,2008,0
Tuvalu,TUV,2009,0
Tuvalu,TUV,2010,0
Tuvalu,TUV,2011,0
Tuvalu,TUV,2012,0
Tuvalu,TUV,2013,0
Tuvalu,TUV,2014,0
Tuvalu,TUV,2015,0
Tuvalu,TUV,2016,0
Tuvalu,TUV,2017,0
Tuvalu,TUV,2018,0
Tuvalu,TUV,2019,0
Tuvalu,TUV,2020,0
Tuvalu,TUV,2021,0
Tuvalu,TUV,2022,0
Uganda,UGA,1990,231.07707
Uganda,UGA,1991,230.77896
Uganda,UGA,1992,226.77625
Uganda,UGA,1993,224.73457
Uganda,UGA,1994,213.33939
Uganda,UGA,1995,211.94568
Uganda,UGA,1996,214.3037
Uganda,UGA,1997,221.90657
Uganda,UGA,1998,233.61365
Uganda,UGA,1999,211.1167
Uganda,UGA,2000,206.24863
Uganda,UGA,2001,199.63083
Uganda,UGA,2002,200.13417
Uganda,UGA,2003,216.68083
Uganda,UGA,2004,206.5955
Uganda,UGA,2005,223.50734
Uganda,UGA,2006,185.80257
Uganda,UGA,2007,213.12875
Uganda,UGA,2008,270.469
Uganda,UGA,2009,258.1782
Uganda,UGA,2010,268.59476
Uganda,UGA,2011,254.83786
Uganda,UGA,2012,265.01688
Uganda,UGA,2013,255.25618
Uganda,UGA,2014,250.58014
Uganda,UGA,2015,250.19022
Uganda,UGA,2016,252.58284
Uganda,UGA,2017,241.18045
Uganda,UGA,2018,236.73286
Uganda,UGA,2019,220.46696
Uganda,UGA,2020,222.01154
Uganda,UGA,2021,220.64462
Uganda,UGA,2022,209.66878
Ukraine,UKR,1990,608.21344
Ukraine,UKR,1991,571.00726
Ukraine,UKR,1992,536.0862
Ukraine,UKR,1993,473.92438
Ukraine,UKR,1994,447.80704
Ukraine,UKR,1995,412.6542
Ukraine,UKR,1996,356.45883
Ukraine,UKR,1997,349.4997
Ukraine,UKR,1998,314.21368
Ukraine,UKR,1999,295.93942
Ukraine,UKR,2000,289.76935
Ukraine,UKR,2001,299.3472
Ukraine,UKR,2002,310.20633
Ukraine,UKR,2003,288.52243
Ukraine,UKR,2004,287.4144
Ukraine,UKR,2005,281.3879
Ukraine,UKR,2006,286.1754
Ukraine,UKR,2007,292.80023
Ukraine,UKR,2008,332.76968
Ukraine,UKR,2009,307.99765
Ukraine,UKR,2010,317.72003
Ukraine,UKR,2011,350.91238
Ukraine,UKR,2012,342.13336
Ukraine,UKR,2013,376.571
Ukraine,UKR,2014,376.74796
Ukraine,UKR,2015,364.96744
Ukraine,UKR,2016,392.17978
Ukraine,UKR,2017,408.48633
Ukraine,UKR,2018,419.3864
Ukraine,UKR,2019,433.29858
Ukraine,UKR,2020,452.99902
Ukraine,UKR,2021,481.73035
Ukraine,UKR,2022,401.7173
United Arab Emirates,ARE,1990,105.36187
United Arab Emirates,ARE,1991,119.60351
United Arab Emirates,ARE,1992,132.40411
United Arab Emirates,ARE,1993,130.5073
United Arab Emirates,ARE,1994,141.74095
United Arab Emirates,ARE,1995,147.86417
United Arab Emirates,ARE,1996,146.29057
United Arab Emirates,ARE,1997,138.425
United Arab Emirates,ARE,1998,131.56026
United Arab Emirates,ARE,1999,128.59723
United Arab Emirates,ARE,2000,123.08281
United Arab Emirates,ARE,2001,118.165344
United Arab Emirates,ARE,2002,126.363815
United Arab Emirates,ARE,2003,124.032036
United Arab Emirates,ARE,2004,117.40894
United Arab Emirates,ARE,2005,117.90438
United Arab Emirates,ARE,2006,109.80003
United Arab Emirates,ARE,2007,101.33982
United Arab Emirates,ARE,2008,96.78439
United Arab Emirates,ARE,2009,92.439865
United Arab Emirates,ARE,2010,87.91688
United Arab Emirates,ARE,2011,84.72886
United Arab Emirates,ARE,2012,77.363014
United Arab Emirates,ARE,2013,79.16392
United Arab Emirates,ARE,2014,76.48527
United Arab Emirates,ARE,2015,77.2367
United Arab Emirates,ARE,2016,73.08264
United Arab Emirates,ARE,2017,71.472435
United Arab Emirates,ARE,2018,70.61188
United Arab Emirates,ARE,2019,71.44491
United Arab Emirates,ARE,2020,71.96887
United Arab Emirates,ARE,2021,69.46534
United Arab Emirates,ARE,2022,71.27455
United Kingdom,GBR,1990,462.10538
United Kingdom,GBR,1991,444.26917
United Kingdom,GBR,1992,429.31934
United Kingdom,GBR,1993,426.71204
United Kingdom,GBR,1994,436.35522
United Kingdom,GBR,1995,433.49942
United Kingdom,GBR,1996,446.15164
United Kingdom,GBR,1997,434.40997
United Kingdom,GBR,1998,425.57315
United Kingdom,GBR,1999,419.79202
United Kingdom,GBR,2000,399.781
United Kingdom,GBR,2001,387.26154
United Kingdom,GBR,2002,385.11432
United Kingdom,GBR,2003,375.45728
United Kingdom,GBR,2004,373.10977
United Kingdom,GBR,2005,362.72955
United Kingdom,GBR,2006,352.16406
United Kingdom,GBR,2007,344.18958
United Kingdom,GBR,2008,342.9135
United Kingdom,GBR,2009,329.24722
United Kingdom,GBR,2010,331.71188
United Kingdom,GBR,2011,329.5581
United Kingdom,GBR,2012,323.79364
United Kingdom,GBR,2013,323.1899
United Kingdom,GBR,2014,331.91547
United Kingdom,GBR,2015,328.83615
United Kingdom,GBR,2016,323.85663
United Kingdom,GBR,2017,325.5244
United Kingdom,GBR,2018,319.2391
United Kingdom,GBR,2019,320.36496
United Kingdom,GBR,2020,305.11404
United Kingdom,GBR,2021,311.51733
United Kingdom,GBR,2022,298.47763
United States,USA,1990,559.29315
United States,USA,1991,537.4088
United States,USA,1992,547.1367
United States,USA,1993,543.34326
United States,USA,1994,555.1939
United States,USA,1995,541.1144
United States,USA,1996,552.3135
United States,USA,1997,545.2192
United States,USA,1998,541.2153
United States,USA,1999,531.12524
United States,USA,2000,516.08594
United States,USA,2001,506.68417
United States,USA,2002,501.83862
United States,USA,2003,520.16486
United States,USA,2004,510.71387
United States,USA,2005,499.7689
United States,USA,2006,512.1008
United States,USA,2007,505.39316
United States,USA,2008,482.27643
United States,USA,2009,489.6705
United States,USA,2010,490.41547
United States,USA,2011,493.36993
United States,USA,2012,483.04187
United States,USA,2013,482.33304
United States,USA,2014,475.00058
United States,USA,2015,471.93344
United States,USA,2016,478.73587
United States,USA,2017,469.13855
United States,USA,2018,471.53244
United States,USA,2019,459.90103
United States,USA,2020,464.3878
United States,USA,2021,461.63376
United States,USA,2022,447.0418
Upper-middle-income countries,,1990,283.94733
Upper-middle-income countries,,1991,279.45694
Upper-middle-income countries,,1992,277.0676
Upper-middle-income countries,,1993,268.31494
Upper-middle-income countries,,1994,270.41476
Upper-middle-income countries,,1995,282.2559
Upper-middle-income countries,,1996,285.4151
Upper-middle-income countries,,1997,271.17902
Upper-middle-income countries,,1998,272.64548
Upper-middle-income countries,,1999,273.05225
Upper-middle-income countries,,2000,266.61157
Upper-middle-income countries,,2001,268.4314
Upper-middle-income countries,,2002,277.9299
Upper-middle-income countries,,2003,276.07993
Upper-middle-income countries,,2004,281.97394
Upper-middle-income countries,,2005,282.5918
Upper-middle-income countries,,2006,283.3776
Upper-middle-income countries,,2007,287.4118
Upper-middle-income countries,,2008,287.0763
Upper-middle-income countries,,2009,283.45767
Upper-middle-income countries,,2010,290.53076
Upper-middle-income countries,,2011,290.0659
Upper-middle-income countries,,2012,288.14224
Upper-middle-income countries,,2013,286.49396
Upper-middle-income countries,,2014,286.5935
Upper-middle-income countries,,2015,282.57843
Upper-middle-income countries,,2016,283.33368
Upper-middle-income countries,,2017,287.2946
Upper-middle-income countries,,2018,279.93744
Upper-middle-income countries,,2019,277.0565
Upper-middle-income countries,,2020,283.72574
Upper-middle-income countries,,2021,285.57025
Upper-middle-income countries,,2022,281.04843
Uruguay,URY,1990,1865.0923
Uruguay,URY,1991,1924.828
Uruguay,URY,1992,1981.0784
Uruguay,URY,1993,2008.6487
Uruguay,URY,1994,1976.1482
Uruguay,URY,1995,1931.3748
Uruguay,URY,1996,1989.8146
Uruguay,URY,1997,1935.8748
Uruguay,URY,1998,1870.7826
Uruguay,URY,1999,1816.215
Uruguay,URY,2000,1754.3258
Uruguay,URY,2001,1786.6648
Uruguay,URY,2002,1781.1025
Uruguay,URY,2003,1889.5594
Uruguay,URY,2004,1958.4807
Uruguay,URY,2005,1969.0934
Uruguay,URY,2006,2079.3384
Uruguay,URY,2007,2042.3926
Uruguay,URY,2008,2065.2998
Uruguay,URY,2009,2060.3652
Uruguay,URY,2010,2046.0552
Uruguay,URY,2011,2013.9297
Uruguay,URY,2012,2128.6763
Uruguay,URY,2013,2110.4014
Uruguay,URY,2014,2088.5828
Uruguay,URY,2015,1986.3291
Uruguay,URY,2016,2035.9373
Uruguay,URY,2017,2006.8209
Uruguay,URY,2018,1932.5162
Uruguay,URY,2019,1989.8706
Uruguay,URY,2020,1959.4194
Uruguay,URY,2021,2087.3245
Uruguay,URY,2022,2014.2068
Uzbekistan,UZB,1990,541.9018
Uzbekistan,UZB,1991,498.0225
Uzbekistan,UZB,1992,419.82596
Uzbekistan,UZB,1993,388.39438
Uzbekistan,UZB,1994,322.30356
Uzbekistan,UZB,1995,342.53168
Uzbekistan,UZB,1996,339.15753
Uzbekistan,UZB,1997,294.62567
Uzbekistan,UZB,1998,285.47833
Uzbekistan,UZB,1999,278.64017
Uzbekistan,UZB,2000,272.3196
Uzbekistan,UZB,2001,260.6586
Uzbekistan,UZB,2002,261.81116
Uzbekistan,UZB,2003,262.14194
Uzbekistan,UZB,2004,249.33392
Uzbekistan,UZB,2005,265.96375
Uzbekistan,UZB,2006,274.1671
Uzbekistan,UZB,2007,281.06058
Uzbekistan,UZB,2008,291.69174
Uzbekistan,UZB,2009,307.45187
Uzbekistan,UZB,2010,318.12006
Uzbekistan,UZB,2011,329.24872
Uzbekistan,UZB,2012,332.5142
Uzbekistan,UZB,2013,345.84772
Uzbekistan,UZB,2014,354.03506
Uzbekistan,UZB,2015,357.40594
Uzbekistan,UZB,2016,374.306
Uzbekistan,UZB,2017,372.73126
Uzbekistan,UZB,2018,363.5691
Uzbekistan,UZB,2019,385.56396
Uzbekistan,UZB,2020,383.78662
Uzbekistan,UZB,2021,413.7988
Uzbekistan,UZB,2022,383.8123
Vanuatu,VUT,1990,607.80835
Vanuatu,VUT,1991,592.85803
Vanuatu,VUT,1992,578.3356
Vanuatu,VUT,1993,627.05756
Vanuatu,VUT,1994,612.2649
Vanuatu,VUT,1995,598.24713
Vanuatu,VUT,1996,585.0485
Vanuatu,VUT,1997,572.6131
Vanuatu,VUT,1998,560.7833
Vanuatu,VUT,1999,549.28156
Vanuatu,VUT,2000,536.7975
Vanuatu,VUT,2001,471.0883
Vanuatu,VUT,2002,459.4861
Vanuatu,VUT,2003,448.29648
Vanuatu,VUT,2004,486.09763
Vanuatu,VUT,2005,474.44632
Vanuatu,VUT,2006,463.09375
Vanuatu,VUT,2007,542.2724
Vanuatu,VUT,2008,528.8487
Vanuatu,VUT,2009,472.6304
Vanuatu,VUT,2010,461.68826
Vanuatu,VUT,2011,492.84753
Vanuatu,VUT,2012,482.13293
Vanuatu,VUT,2013,471.52203
Vanuatu,VUT,2014,461.1004
Vanuatu,VUT,2015,413.35513
Vanuatu,VUT,2016,294.0128
Vanuatu,VUT,2017,251.33026
Vanuatu,VUT,2018,245.37898
Vanuatu,VUT,2019,239.73013
Vanuatu,VUT,2020,234.2179
Vanuatu,VUT,2021,228.84642
Vanuatu,VUT,2022,223.5986
Venezuela,VEN,1990,429.71698
Venezuela,VEN,1991,429.45303
Venezuela,VEN,1992,414.80307
Venezuela,VEN,1993,395.20993
Venezuela,VEN,1994,395.85394
Venezuela,VEN,1995,392.45157
Venezuela,VEN,1996,371.54517
Venezuela,VEN,1997,365.73203
Venezuela,VEN,1998,363.11496
Venezuela,VEN,1999,350.27808
Venezuela,VEN,2000,370.20868
Venezuela,VEN,2001,381.90652
Venezuela,VEN,2002,375.45694
Venezuela,VEN,2003,388.52637
Venezuela,VEN,2004,380.01822
Venezuela,VEN,2005,389.38547
Venezuela,VEN,2006,372.8233
Venezuela,VEN,2007,381.56387
Venezuela,VEN,2008,394.9569
Venezuela,VEN,2009,383.28595
Venezuela,VEN,2010,341.51132
Venezuela,VEN,2011,327.56308
Venezuela,VEN,2012,357.65247
Venezuela,VEN,2013,359.3852
Venezuela,VEN,2014,354.99344
Venezuela,VEN,2015,344.41064
Venezuela,VEN,2016,337.71356
Venezuela,VEN,2017,328.14957
Venezuela,VEN,2018,328.43982
Venezuela,VEN,2019,337.61725
Venezuela,VEN,2020,360.70776
Venezuela,VEN,2021,335.36572
Venezuela,VEN,2022,354.8008
Vietnam,VNM,1990,121.82359
Vietnam,VNM,1991,136.04063
Vietnam,VNM,1992,131.26218
Vietnam,VNM,1993,134.22165
Vietnam,VNM,1994,158.35292
Vietnam,VNM,1995,154.0598
Vietnam,VNM,1996,168.54288
Vietnam,VNM,1997,162.87898
Vietnam,VNM,1998,182.86934
Vietnam,VNM,1999,186.26917
Vietnam,VNM,2000,194.41632
Vietnam,VNM,2001,173.40146
Vietnam,VNM,2002,180.90132
Vietnam,VNM,2003,191.79582
Vietnam,VNM,2004,197.66246
Vietnam,VNM,2005,186.5867
Vietnam,VNM,2006,180.84921
Vietnam,VNM,2007,191.78947
Vietnam,VNM,2008,160.022
Vietnam,VNM,2009,210.50192
Vietnam,VNM,2010,185.00912
Vietnam,VNM,2011,170.45651
Vietnam,VNM,2012,178.75027
Vietnam,VNM,2013,201.71552
Vietnam,VNM,2014,185.21027
Vietnam,VNM,2015,204.90556
Vietnam,VNM,2016,194.25508
Vietnam,VNM,2017,193.5342
Vietnam,VNM,2018,193.99959
Vietnam,VNM,2019,191.30676
Vietnam,VNM,2020,191.78378
Vietnam,VNM,2021,192.04509
Vietnam,VNM,2022,199.63753
World,OWID_WRL,1990,303.12683
World,OWID_WRL,1991,295.7092
World,OWID_WRL,1992,290.7379
World,OWID_WRL,1993,283.84106
World,OWID_WRL,1994,282.547
World,OWID_WRL,1995,284.3001
World,OWID_WRL,1996,285.33792
World,OWID_WRL,1997,277.20486
World,OWID_WRL,1998,278.26892
World,OWID_WRL,1999,278.2178
World,OWID_WRL,2000,273.32
World,OWID_WRL,2001,271.41922
World,OWID_WRL,2002,273.24924
World,OWID_WRL,2003,269.36957
World,OWID_WRL,2004,273.45328
World,OWID_WRL,2005,271.04572
World,OWID_WRL,2006,271.87933
World,OWID_WRL,2007,274.60635
World,OWID_WRL,2008,270.02722
World,OWID_WRL,2009,267.68823
World,OWID_WRL,2010,269.3794
World,OWID_WRL,2011,275.86008
World,OWID_WRL,2012,273.21826
World,OWID_WRL,2013,266.99054
World,OWID_WRL,2014,267.38318
World,OWID_WRL,2015,265.10837
World,OWID_WRL,2016,263.73428
World,OWID_WRL,2017,266.6521
World,OWID_WRL,2018,261.85065
World,OWID_WRL,2019,258.815
World,OWID_WRL,2020,263.10254
World,OWID_WRL,2021,262.18665
World,OWID_WRL,2022,257.65555
Yemen,YEM,1990,126.72936
Yemen,YEM,1991,113.6505
Yemen,YEM,1992,112.74561
Yemen,YEM,1993,109.8695
Yemen,YEM,1994,105.26872
Yemen,YEM,1995,102.74756
Yemen,YEM,1996,102.234245
Yemen,YEM,1997,106.85947
Yemen,YEM,1998,108.4245
Yemen,YEM,1999,106.15141
Yemen,YEM,2000,105.991905
Yemen,YEM,2001,108.275696
Yemen,YEM,2002,104.63117
Yemen,YEM,2003,109.524536
Yemen,YEM,2004,111.33659
Yemen,YEM,2005,106.18655
Yemen,YEM,2006,107.03777
Yemen,YEM,2007,112.26211
Yemen,YEM,2008,109.111435
Yemen,YEM,2009,107.22114
Yemen,YEM,2010,108.01969
Yemen,YEM,2011,104.049965
Yemen,YEM,2012,102.34351
Yemen,YEM,2013,103.026115
Yemen,YEM,2014,100.57463
Yemen,YEM,2015,92.1071
Yemen,YEM,2016,90.00586
Yemen,YEM,2017,85.824135
Yemen,YEM,2018,77.15964
Yemen,YEM,2019,84.87268
Yemen,YEM,2020,83.85253
Yemen,YEM,2021,83.73668
Yemen,YEM,2022,81.6265
Zambia,ZMB,1990,1180.299
Zambia,ZMB,1991,1158.9078
Zambia,ZMB,1992,1141.0503
Zambia,ZMB,1993,1112.9792
Zambia,ZMB,1994,1061.0674
Zambia,ZMB,1995,1023.2457
Zambia,ZMB,1996,935.1338
Zambia,ZMB,1997,911.54504
Zambia,ZMB,1998,967.05334
Zambia,ZMB,1999,869.6087
Zambia,ZMB,2000,810.5707
Zambia,ZMB,2001,798.0486
Zambia,ZMB,2002,883.73773
Zambia,ZMB,2003,935.9405
Zambia,ZMB,2004,900.4956
Zambia,ZMB,2005,908.7946
Zambia,ZMB,2006,793.10376
Zambia,ZMB,2007,797.4474
Zambia,ZMB,2008,772.57874
Zambia,ZMB,2009,686.4143
Zambia,ZMB,2010,729.6504
Zambia,ZMB,2011,689.856
Zambia,ZMB,2012,732.21606
Zambia,ZMB,2013,730.5669
Zambia,ZMB,2014,686.36554
Zambia,ZMB,2015,681.74506
Zambia,ZMB,2016,658.0181
Zambia,ZMB,2017,604.88513
Zambia,ZMB,2018,575.28906
Zambia,ZMB,2019,589.2889
Zambia,ZMB,2020,557.7302
Zambia,ZMB,2021,543.7774
Zambia,ZMB,2022,575.10236
Zimbabwe,ZWE,1990,472.513
Zimbabwe,ZWE,1991,411.34784
Zimbabwe,ZWE,1992,401.7679
Zimbabwe,ZWE,1993,345.2948
Zimbabwe,ZWE,1994,358.68185
Zimbabwe,ZWE,1995,348.07623
Zimbabwe,ZWE,1996,427.48203
Zimbabwe,ZWE,1997,408.09744
Zimbabwe,ZWE,1998,420.034
Zimbabwe,ZWE,1999,426.0211
Zimbabwe,ZWE,2000,387.65378
Zimbabwe,ZWE,2001,421.82098
Zimbabwe,ZWE,2002,349.11633
Zimbabwe,ZWE,2003,342.53506
Zimbabwe,ZWE,2004,359.86053
Zimbabwe,ZWE,2005,344.45654
Zimbabwe,ZWE,2006,329.20657
Zimbabwe,ZWE,2007,337.39294
Zimbabwe,ZWE,2008,337.98505
Zimbabwe,ZWE,2009,361.41486
Zimbabwe,ZWE,2010,377.34293
Zimbabwe,ZWE,2011,376.59738
Zimbabwe,ZWE,2012,338.69144
Zimbabwe,ZWE,2013,316.83032
Zimbabwe,ZWE,2014,270.28232
Zimbabwe,ZWE,2015,299.32617
Zimbabwe,ZWE,2016,265.74802
Zimbabwe,ZWE,2017,273.41803
Zimbabwe,ZWE,2018,269.3812
Zimbabwe,ZWE,2019,259.30865
Zimbabwe,ZWE,2020,227.34756
Zimbabwe,ZWE,2021,239.28261
Zimbabwe,ZWE,2022,254.5264